recordId,department,month,attendanceRate30Days,lateCountThisMonth,absenceCountThisMonth,checkInHourAvg,checkInStdDev,mondayAbsenceRate,fridayAbsenceRate,consecutiveLateMax,earlyCheckoutCount,avgWorkingHours,isAnomaly,anomalyType
REC-0065,Engineering,6,90.14,2,2,8.98,0.15,0.12,0.14,3,2,8.48,0,NONE
REC-0855,Operations,6,85.27,3,0,9.45,0.36,0.12,0.06,1,2,8.13,0,NONE
REC-0482,QA,1,95.05,0,0,8.85,0.48,0.16,0.0,2,2,7.91,0,NONE
REC-0212,QA,9,91.55,0,2,9.01,0.45,0.04,0.15,0,3,9.42,0,NONE
REC-0407,QA,4,86.56,0,7,9.19,0.51,0.49,0.64,0,4,8.4,1,WEEKEND_BRIDGING
REC-0321,HR,11,79.77,1,2,8.13,0.45,0.06,0.02,1,0,9.23,0,NONE
REC-0311,Operations,11,89.04,3,0,9.42,0.52,0.15,0.03,3,1,7.53,0,NONE
REC-1097,Operations,3,90.83,3,1,9.2,0.18,0.19,0.19,0,2,9.38,0,NONE
REC-0455,Finance,11,89.99,1,2,8.18,0.46,0.11,0.16,1,2,6.84,0,NONE
REC-0710,Sales,5,77.82,1,3,8.13,0.21,0.33,0.4,0,1,6.47,1,WEEKEND_BRIDGING
REC-0765,Engineering,1,95.22,1,0,8.41,0.51,0.07,0.02,2,3,8.8,0,NONE
REC-0972,Engineering,1,87.92,3,1,9.35,0.33,0.19,0.2,0,2,7.85,0,NONE
REC-0689,QA,11,91.42,14,3,10.13,1.43,0.02,0.24,3,2,5.94,1,FREQUENT_LATE
REC-0246,Marketing,6,92.24,4,0,8.25,0.31,0.18,0.05,3,0,8.98,0,NONE
REC-0184,Engineering,6,92.98,0,2,9.12,0.5,0.08,0.17,2,3,7.43,0,NONE
REC-0359,Finance,12,79.96,1,2,7.83,0.18,0.09,0.08,2,2,9.66,0,NONE
REC-0382,QA,9,76.17,9,0,10.87,1.18,0.03,0.05,5,1,6.19,1,FREQUENT_LATE
REC-0445,QA,7,74.17,0,4,8.98,0.66,0.57,0.29,2,1,7.97,1,WEEKEND_BRIDGING
REC-0829,HR,8,97.68,2,2,7.8,0.31,0.06,0.07,1,1,8.2,0,NONE
REC-0333,Marketing,2,90.47,2,1,8.59,0.21,0.13,0.16,0,3,7.81,0,NONE
REC-0115,QA,12,91.24,0,0,8.46,0.2,0.17,0.46,2,12,6.61,1,EARLY_CHECKOUT
REC-0424,Engineering,9,87.77,5,3,10.37,0.94,0.23,0.06,4,1,8.5,1,FREQUENT_LATE
REC-0671,Operations,6,79.98,3,0,9.51,0.22,0.15,0.01,1,1,8.34,0,NONE
REC-1107,QA,1,84.06,4,2,8.65,0.15,0.12,0.07,0,1,7.4,0,NONE
REC-0288,Engineering,10,86.17,1,2,9.18,0.15,0.19,0.17,2,1,9.56,0,NONE
REC-0869,Engineering,8,96.54,0,2,9.39,0.32,0.1,0.16,1,1,8.25,0,NONE
REC-0681,QA,7,61.64,1,7,9.14,0.29,0.32,0.15,4,5,7.08,1,HIGH_ABSENTEEISM
REC-0416,QA,2,91.19,12,0,10.34,1.59,0.07,0.21,3,2,8.49,1,FREQUENT_LATE
REC-0222,QA,6,87.04,1,1,9.14,0.5,0.13,0.13,3,3,9.05,0,NONE
REC-1070,Sales,1,89.78,1,2,8.56,0.21,0.03,0.14,1,0,8.55,0,NONE
REC-0457,Engineering,10,81.45,1,2,8.3,0.6,0.04,0.01,3,3,8.56,0,NONE
REC-0854,Sales,8,80.59,0,2,7.93,0.23,0.02,0.09,0,0,8.84,0,NONE
REC-0084,Finance,6,96.22,1,0,9.1,0.36,0.09,0.2,1,2,7.12,0,NONE
REC-0020,HR,2,92.47,0,1,8.6,0.32,0.05,0.15,1,1,8.24,0,NONE
REC-0811,QA,3,97.05,0,1,8.57,0.48,0.15,0.15,1,1,6.54,0,NONE
REC-0130,Engineering,4,91.8,0,2,8.31,0.31,0.17,0.01,0,3,8.63,0,NONE
REC-0098,HR,2,95.68,4,0,8.44,0.49,0.04,0.07,3,0,8.63,0,NONE
REC-0757,Finance,2,87.74,1,0,8.69,0.29,0.03,0.18,0,0,7.53,0,NONE
REC-0916,Operations,7,95.14,0,1,8.22,0.23,0.08,0.07,1,1,8.92,0,NONE
REC-0306,HR,6,89.13,3,0,9.22,0.53,0.13,0.03,3,2,8.7,0,NONE
REC-0540,QA,4,97.36,4,2,9.55,0.17,0.07,0.03,2,0,9.08,0,NONE
REC-0688,QA,3,91.35,3,1,8.84,0.38,0.18,0.05,0,0,6.57,0,NONE
REC-0821,Sales,8,97.3,2,1,8.75,0.57,0.16,0.08,2,3,7.39,0,NONE
REC-0161,Engineering,7,90.46,4,2,8.87,0.14,0.19,0.06,2,1,6.91,0,NONE
REC-0327,Sales,6,83.28,0,3,8.51,0.34,0.11,0.41,1,8,6.48,1,EARLY_CHECKOUT
REC-0428,Sales,9,96.24,2,0,8.58,0.41,0.02,0.15,1,1,8.31,0,NONE
REC-0783,Operations,3,95.78,0,0,8.36,0.43,0.04,0.2,2,1,7.44,0,NONE
REC-0577,Marketing,4,89.61,3,1,8.53,0.6,0.07,0.17,2,2,8.21,0,NONE
REC-0817,Finance,5,95.82,3,2,8.7,0.5,0.04,0.18,3,0,8.43,0,NONE
REC-0802,Marketing,6,75.22,13,2,9.9,0.5,0.18,0.09,4,0,6.08,1,FREQUENT_LATE
REC-0013,Engineering,1,93.3,1,0,8.84,0.21,0.05,0.01,0,1,8.6,0,NONE
REC-0692,Engineering,10,99.29,3,1,8.47,0.17,0.09,0.16,3,2,8.01,0,NONE
REC-0352,Marketing,7,88.79,3,1,8.99,0.25,0.13,0.54,0,6,5.96,1,EARLY_CHECKOUT
REC-0458,QA,5,82.94,0,1,8.52,0.34,0.19,0.15,0,2,9.22,0,NONE
REC-0185,Engineering,3,87.13,3,0,8.15,0.31,0.04,0.1,0,1,8.2,0,NONE
REC-0958,Engineering,9,81.89,0,2,9.26,0.12,0.11,0.16,2,1,8.28,0,NONE
REC-1039,HR,9,86.74,0,1,9.28,0.31,0.18,0.04,1,3,6.94,0,NONE
REC-0353,QA,10,55.58,7,7,10.1,0.31,0.2,0.16,0,1,5.03,1,HIGH_ABSENTEEISM
REC-1165,Operations,8,85.86,1,0,8.52,0.16,0.09,0.19,1,0,8.05,0,NONE
REC-0803,Marketing,8,98.21,2,2,8.86,0.48,0.1,0.09,3,0,9.19,0,NONE
REC-0949,Marketing,1,84.45,0,0,8.07,0.45,0.01,0.03,2,0,9.82,0,NONE
REC-0895,Engineering,6,85.57,0,1,8.28,0.29,0.09,0.15,2,0,7.72,0,NONE
REC-0691,Marketing,7,85.08,1,1,9.36,0.12,0.04,0.15,0,3,8.24,0,NONE
REC-0459,Finance,12,92.52,1,2,9.41,0.15,0.08,0.17,2,0,8.73,0,NONE
REC-0699,Engineering,10,69.67,1,7,9.85,0.59,0.32,0.24,3,5,5.54,1,HIGH_ABSENTEEISM
REC-0685,Marketing,2,83.11,2,9,8.61,0.53,0.49,0.73,1,1,7.87,1,WEEKEND_BRIDGING
REC-0063,Finance,12,89.5,2,0,8.66,0.35,0.18,0.08,1,3,8.82,0,NONE
REC-0705,Marketing,10,75.51,6,13,9.62,0.53,0.18,0.19,1,0,5.05,1,HIGH_ABSENTEEISM
REC-0094,Sales,8,85.61,4,1,8.34,0.11,0.02,0.07,2,2,8.06,0,NONE
REC-0201,Engineering,10,98.7,3,2,9.12,0.55,0.11,0.02,1,1,8.98,0,NONE
REC-0883,Finance,9,86.92,14,0,9.44,1.45,0.15,0.1,8,2,7.46,1,FREQUENT_LATE
REC-0308,Sales,3,88.8,3,0,9.67,0.28,0.06,0.1,2,2,8.7,0,NONE
REC-0476,HR,8,93.68,2,0,9.28,0.25,0.16,0.17,3,1,7.52,0,NONE
REC-0804,Operations,6,90.46,0,2,9.32,0.53,0.05,0.11,3,2,9.29,0,NONE
REC-1009,Finance,5,89.67,4,2,8.78,0.26,0.05,0.2,1,3,7.96,0,NONE
REC-0335,Finance,1,85.62,1,2,8.7,0.32,0.02,0.12,3,3,7.82,0,NONE
REC-1071,QA,7,58.43,6,8,9.41,0.24,0.15,0.29,0,1,7.06,1,HIGH_ABSENTEEISM
REC-0444,QA,7,90.81,13,1,10.31,0.98,0.15,0.16,4,3,6.17,1,FREQUENT_LATE
REC-0120,Finance,11,85.44,1,2,7.99,0.3,0.04,0.26,2,12,6.71,1,EARLY_CHECKOUT
REC-1172,QA,5,68.9,1,8,8.43,0.47,0.49,0.41,0,3,8.12,1,WEEKEND_BRIDGING
REC-1001,Finance,1,86.24,1,2,8.58,0.14,0.02,0.19,1,2,7.78,0,NONE
REC-0282,Marketing,4,90.47,0,0,8.54,0.39,0.13,0.07,2,2,8.21,0,NONE
REC-0493,QA,5,95.94,0,2,8.69,0.36,0.12,0.14,1,3,8.69,0,NONE
REC-0786,Sales,3,91.43,1,1,9.02,0.25,0.09,0.13,2,0,9.3,0,NONE
REC-0225,QA,5,84.65,4,9,9.16,0.46,0.4,0.5,1,1,8.27,1,WEEKEND_BRIDGING
REC-0526,Operations,6,87.52,4,2,8.97,0.58,0.1,0.17,3,2,7.94,0,NONE
REC-0732,Marketing,9,83.82,1,3,8.27,0.13,0.08,0.36,1,14,4.9,1,EARLY_CHECKOUT
REC-0687,Operations,4,96.04,4,0,9.31,0.17,0.01,0.01,2,1,8.85,0,NONE
REC-0436,Marketing,12,91.97,4,2,8.29,0.49,0.04,0.14,3,3,6.82,0,NONE
REC-0595,Engineering,7,86.92,0,1,8.58,0.17,0.15,0.14,0,1,8.94,0,NONE
REC-0440,Operations,5,89.47,2,1,9.39,0.41,0.2,0.05,3,3,9.0,0,NONE
REC-0121,HR,8,94.49,1,2,8.69,0.3,0.02,0.19,3,2,7.54,0,NONE
REC-0238,Marketing,5,95.56,2,1,8.96,0.31,0.03,0.02,2,1,9.08,0,NONE
REC-0371,Operations,7,92.89,1,2,9.36,0.21,0.09,0.19,0,3,9.56,0,NONE
REC-0296,Marketing,11,82.69,3,2,9.34,0.5,0.12,0.19,1,1,9.34,0,NONE
REC-1187,Marketing,1,84.52,1,1,8.99,0.41,0.2,0.19,2,3,7.39,0,NONE
REC-0122,HR,4,96.44,3,2,8.59,0.23,0.14,0.05,0,3,8.92,0,NONE
REC-0813,HR,1,84.76,3,1,8.89,0.32,0.17,0.02,1,2,8.36,0,NONE
REC-0910,Finance,10,81.74,1,1,8.68,0.22,0.11,0.14,3,3,9.27,0,NONE
REC-0169,Engineering,3,91.63,1,0,9.23,0.47,0.06,0.04,2,3,7.53,0,NONE
REC-0679,Finance,2,94.88,3,1,9.16,0.18,0.08,0.05,0,3,8.8,0,NONE
REC-1131,Operations,2,89.66,0,0,8.59,0.38,0.2,0.03,2,0,9.62,0,NONE
REC-1140,QA,11,77.14,10,2,10.75,0.9,0.14,0.13,7,3,7.65,1,FREQUENT_LATE
REC-0519,Sales,3,92.66,2,2,9.1,0.17,0.03,0.11,1,1,7.35,0,NONE
REC-0344,Marketing,8,93.34,2,0,9.65,0.24,0.04,0.02,3,1,7.06,0,NONE
REC-0650,Engineering,4,74.65,4,1,9.9,1.26,0.22,0.15,3,1,7.54,1,FREQUENT_LATE
REC-0016,QA,6,101.02,1,1,9.38,0.53,0.2,0.11,2,3,9.15,0,NONE
REC-0994,Finance,2,81.21,0,2,8.84,0.17,0.19,0.16,3,1,8.76,0,NONE
REC-0901,Operations,1,90.1,0,2,8.75,0.34,0.18,0.17,2,3,9.38,0,NONE
REC-0569,Sales,8,90.23,4,1,8.83,0.59,0.19,0.09,2,0,8.23,0,NONE
REC-0131,Engineering,11,87.76,3,2,8.66,0.56,0.08,0.08,1,1,8.82,0,NONE
REC-0793,Finance,5,88.62,0,2,8.44,0.11,0.19,0.26,1,7,5.67,1,EARLY_CHECKOUT
REC-1115,Engineering,12,59.58,3,14,9.84,0.72,0.16,0.18,2,1,6.19,1,HIGH_ABSENTEEISM
REC-1082,Sales,7,93.44,0,1,9.09,0.1,0.05,0.1,2,1,9.07,0,NONE
REC-0235,Operations,9,70.23,1,13,8.98,0.67,0.4,0.15,3,1,7.11,1,HIGH_ABSENTEEISM
REC-1188,Sales,3,90.31,2,0,8.63,0.46,0.12,0.04,0,2,8.87,0,NONE
REC-0483,Engineering,11,87.01,0,2,8.72,0.14,0.11,0.54,2,14,6.41,1,EARLY_CHECKOUT
REC-0347,Engineering,5,85.28,3,0,8.56,0.26,0.04,0.08,2,3,8.04,0,NONE
REC-1014,Engineering,11,87.81,2,2,9.37,0.55,0.16,0.2,3,3,8.4,0,NONE
REC-0769,Marketing,9,98.87,4,0,8.34,0.42,0.09,0.08,0,0,7.85,0,NONE
REC-1034,Finance,9,83.84,2,2,8.52,0.41,0.11,0.0,3,1,8.25,0,NONE
REC-0031,QA,1,81.82,1,0,9.46,0.29,0.19,0.07,3,2,7.65,0,NONE
REC-0591,Finance,5,98.76,0,1,8.33,0.47,0.05,0.08,0,1,9.38,0,NONE
REC-0680,QA,8,90.62,0,1,8.45,0.48,0.14,0.06,2,3,9.68,0,NONE
REC-0042,Engineering,2,94.72,3,2,7.45,0.39,0.03,0.53,2,10,5.46,1,EARLY_CHECKOUT
REC-0698,Sales,5,78.02,1,5,8.95,0.48,0.63,0.33,3,4,6.92,1,WEEKEND_BRIDGING
REC-0587,Sales,7,84.52,8,1,10.57,0.96,0.22,0.18,8,2,7.08,1,FREQUENT_LATE
REC-0268,Operations,4,96.84,0,0,7.78,0.37,0.09,0.02,3,3,7.93,0,NONE
REC-0338,Finance,12,85.39,2,0,8.71,0.19,0.08,0.19,1,2,7.88,0,NONE
REC-0470,QA,1,89.93,3,7,9.73,0.86,0.75,0.51,2,1,9.05,1,WEEKEND_BRIDGING
REC-0996,Marketing,10,88.77,4,2,9.07,0.31,0.12,0.13,0,1,7.63,0,NONE
REC-0624,HR,6,94.67,2,0,9.68,0.12,0.06,0.14,1,1,8.26,0,NONE
REC-1062,Engineering,3,91.84,3,2,8.4,0.59,0.16,0.02,0,2,7.77,0,NONE
REC-0872,HR,10,93.14,3,0,8.71,0.19,0.11,0.14,2,2,8.34,0,NONE
REC-0648,Marketing,5,84.48,1,0,8.69,0.16,0.2,0.15,1,0,8.32,0,NONE
REC-1096,Operations,10,91.85,3,2,8.62,0.34,0.1,0.15,0,2,8.85,0,NONE
REC-0930,HR,3,96.56,0,0,9.32,0.44,0.09,0.06,1,1,8.04,0,NONE
REC-0670,Marketing,7,83.81,4,1,9.54,0.2,0.05,0.12,1,0,8.73,0,NONE
REC-0269,Sales,3,89.26,1,2,9.08,0.32,0.01,0.16,1,0,8.2,0,NONE
REC-0081,QA,6,88.7,0,1,9.18,0.23,0.06,0.25,3,15,5.83,1,EARLY_CHECKOUT
REC-0867,HR,12,91.37,0,0,9.11,0.5,0.11,0.08,0,2,7.78,0,NONE
REC-0119,Operations,2,86.83,3,1,9.15,0.42,0.05,0.12,1,1,9.64,0,NONE
REC-1125,Sales,4,86.06,1,7,8.5,0.28,0.77,0.62,1,0,7.2,1,WEEKEND_BRIDGING
REC-0034,Operations,5,84.95,1,7,8.27,0.65,0.46,0.53,1,4,9.16,1,WEEKEND_BRIDGING
REC-0592,Finance,5,91.91,0,1,8.22,0.47,0.05,0.26,1,11,4.79,1,EARLY_CHECKOUT
REC-0716,HR,10,98.57,4,0,9.01,0.34,0.11,0.15,1,3,8.66,0,NONE
REC-0741,Engineering,3,96.06,1,0,9.09,0.49,0.03,0.17,3,1,7.69,0,NONE
REC-1120,Engineering,3,93.0,1,2,8.75,0.37,0.02,0.1,2,3,8.78,0,NONE
REC-1129,Engineering,9,92.02,4,0,9.08,0.25,0.01,0.05,0,3,8.13,0,NONE
REC-0834,Marketing,4,85.22,0,0,8.53,0.15,0.02,0.03,2,3,7.57,0,NONE
REC-0541,Sales,1,66.73,2,9,8.81,0.29,0.59,0.57,2,4,6.61,1,WEEKEND_BRIDGING
REC-0431,Finance,2,86.47,1,0,8.65,0.45,0.01,0.11,2,3,8.39,0,NONE
REC-0683,QA,11,93.86,1,0,8.14,0.54,0.12,0.01,1,2,9.0,0,NONE
REC-0896,Marketing,4,85.85,1,2,8.06,0.26,0.18,0.35,3,8,6.77,1,EARLY_CHECKOUT
REC-0220,Finance,9,63.47,7,8,9.62,1.07,0.41,0.22,2,1,6.58,1,HIGH_ABSENTEEISM
REC-0504,QA,8,82.32,1,0,9.03,0.49,0.12,0.19,3,2,7.09,0,NONE
REC-0178,HR,12,93.43,3,1,8.42,0.19,0.18,0.12,3,2,7.71,0,NONE
REC-1104,Sales,7,73.11,7,6,10.11,0.24,0.4,0.28,0,2,7.56,1,HIGH_ABSENTEEISM
REC-0877,Marketing,6,91.09,1,6,8.96,0.53,0.71,0.55,0,2,7.86,1,WEEKEND_BRIDGING
REC-0389,QA,8,80.39,3,2,9.15,0.24,0.15,0.0,1,1,7.74,0,NONE
REC-0430,HR,7,89.23,3,2,8.23,0.37,0.05,0.13,1,3,7.87,0,NONE
REC-1036,QA,8,94.89,4,1,9.01,0.52,0.04,0.01,1,2,9.4,0,NONE
REC-1109,Marketing,7,84.86,4,2,9.41,0.53,0.04,0.11,3,1,9.04,0,NONE
REC-0386,Engineering,1,85.97,3,0,7.99,0.31,0.18,0.19,0,1,8.16,0,NONE
REC-1094,Engineering,9,84.47,1,4,8.86,0.35,0.38,0.62,3,3,6.86,1,WEEKEND_BRIDGING
REC-0695,Finance,11,91.28,4,1,9.07,0.33,0.05,0.07,0,3,7.49,0,NONE
REC-0076,Sales,4,78.28,3,9,9.13,0.36,0.32,0.55,2,1,8.03,1,WEEKEND_BRIDGING
REC-0129,QA,2,83.7,1,4,8.08,0.34,0.34,0.53,0,0,7.83,1,WEEKEND_BRIDGING
REC-0297,Finance,6,93.7,4,2,8.7,0.13,0.18,0.1,3,0,7.46,0,NONE
REC-0884,QA,12,81.94,4,1,8.84,0.59,0.11,0.17,2,3,9.17,0,NONE
REC-0456,QA,8,85.39,3,2,8.74,0.28,0.15,0.17,2,3,7.12,0,NONE
REC-1038,Finance,7,94.51,1,2,9.6,0.37,0.01,0.13,3,3,8.4,0,NONE
REC-0739,Sales,9,92.23,4,2,8.01,0.12,0.18,0.02,3,2,7.12,0,NONE
REC-1128,Operations,2,96.73,1,1,9.24,0.23,0.17,0.13,0,0,8.02,0,NONE
REC-0912,QA,6,89.61,3,2,8.7,0.26,0.09,0.15,0,2,8.11,0,NONE
REC-0181,Operations,6,70.79,5,12,9.12,0.33,0.39,0.2,2,2,8.09,1,HIGH_ABSENTEEISM
REC-0780,Sales,1,96.72,10,1,11.01,1.52,0.03,0.14,9,2,6.29,1,FREQUENT_LATE
REC-0665,QA,9,86.44,1,0,9.05,0.28,0.13,0.05,3,3,8.71,0,NONE
REC-0674,Operations,12,88.0,4,2,9.16,0.59,0.02,0.06,3,0,7.94,0,NONE
REC-0590,Sales,1,85.54,0,1,9.07,0.3,0.05,0.11,0,3,8.22,0,NONE
REC-0191,Engineering,12,81.8,1,1,9.2,0.26,0.05,0.05,0,1,7.96,0,NONE
REC-0787,QA,6,84.98,0,1,8.48,0.18,0.09,0.09,2,1,8.31,0,NONE
REC-1123,Operations,3,75.22,5,2,10.58,1.28,0.13,0.08,5,3,5.88,1,FREQUENT_LATE
REC-0700,HR,4,89.27,0,2,8.22,0.4,0.04,0.17,2,1,7.63,0,NONE
REC-0657,QA,3,87.69,2,2,8.81,0.56,0.19,0.02,0,1,8.07,0,NONE
REC-0501,Finance,8,92.16,4,0,8.79,0.11,0.19,0.33,3,12,6.61,1,EARLY_CHECKOUT
REC-1190,Finance,5,97.77,4,1,8.43,0.55,0.16,0.09,3,3,6.89,0,NONE
REC-0310,QA,5,92.47,7,2,10.19,1.41,0.15,0.05,4,2,7.76,1,FREQUENT_LATE
REC-0823,Sales,4,94.28,0,1,9.51,0.39,0.1,0.04,1,1,8.65,0,NONE
REC-0474,Engineering,6,95.02,2,1,9.15,0.29,0.12,0.01,2,0,6.95,0,NONE
REC-1164,Engineering,8,87.27,8,1,10.47,0.42,0.12,0.01,8,0,7.21,1,FREQUENT_LATE
REC-0911,QA,5,94.81,1,1,9.23,0.12,0.02,0.06,1,3,8.48,0,NONE
REC-0196,Engineering,10,90.55,4,0,9.23,0.41,0.18,0.16,1,1,8.92,0,NONE
REC-1035,Operations,1,86.23,3,0,9.52,0.43,0.0,0.09,2,3,8.61,0,NONE
REC-0398,Marketing,12,82.19,1,0,8.3,0.37,0.14,0.16,1,2,7.09,0,NONE
REC-1152,Marketing,9,94.96,4,0,8.75,0.11,0.19,0.14,2,1,9.26,0,NONE
REC-0209,Finance,1,97.74,2,2,9.29,0.33,0.11,0.15,3,1,7.8,0,NONE
REC-0556,Finance,1,91.42,1,0,8.47,0.45,0.15,0.4,0,11,5.48,1,EARLY_CHECKOUT
REC-0709,Engineering,5,81.4,2,2,8.47,0.33,0.06,0.09,3,2,8.29,0,NONE
REC-0848,Operations,3,84.33,1,2,9.01,0.45,0.03,0.14,2,2,7.53,0,NONE
REC-0408,Finance,5,96.52,3,0,8.98,0.47,0.1,0.15,1,2,8.93,0,NONE
REC-1093,QA,7,89.5,2,2,8.36,0.17,0.05,0.02,2,3,7.04,0,NONE
REC-1130,Engineering,11,97.84,4,0,9.37,0.56,0.12,0.13,1,2,7.11,0,NONE
REC-0453,Finance,11,84.1,4,2,8.15,0.18,0.07,0.05,2,2,8.02,0,NONE
REC-0373,Marketing,11,85.16,4,6,8.71,0.66,0.75,0.71,0,4,7.48,1,WEEKEND_BRIDGING
REC-1122,Marketing,1,94.9,1,2,8.29,0.42,0.09,0.06,3,1,8.83,0,NONE
REC-0522,Marketing,10,93.98,0,1,8.53,0.38,0.11,0.13,3,0,9.16,0,NONE
REC-1112,Operations,4,82.7,0,2,8.47,0.23,0.07,0.54,0,6,5.43,1,EARLY_CHECKOUT
REC-0270,Operations,12,85.58,3,0,9.18,0.55,0.05,0.02,2,0,6.59,0,NONE
REC-0538,Marketing,8,92.96,4,2,9.27,0.11,0.09,0.11,0,2,7.88,0,NONE
REC-0795,QA,10,90.98,1,1,9.24,0.47,0.03,0.12,1,1,8.38,0,NONE
REC-0205,Marketing,9,94.81,7,0,9.64,0.68,0.14,0.16,4,2,5.76,1,FREQUENT_LATE
REC-0403,HR,8,74.25,1,8,8.44,0.36,0.75,0.34,1,1,7.79,1,WEEKEND_BRIDGING
REC-0644,HR,5,55.92,2,12,9.58,0.32,0.19,0.25,0,0,6.64,1,HIGH_ABSENTEEISM
REC-0336,HR,4,85.89,4,1,10.58,0.66,0.05,0.09,3,0,7.82,1,FREQUENT_LATE
REC-1063,Marketing,1,92.21,2,2,7.89,0.48,0.09,0.18,0,0,8.04,0,NONE
REC-0494,Sales,4,93.27,0,2,8.31,0.29,0.17,0.17,3,3,9.39,0,NONE
REC-0339,QA,11,90.91,0,0,9.16,0.17,0.11,0.05,3,0,8.8,0,NONE
REC-0172,QA,6,101.24,4,0,8.34,0.3,0.03,0.14,0,3,8.59,0,NONE
REC-0885,Marketing,6,88.75,2,2,9.65,0.39,0.19,0.06,1,1,8.44,0,NONE
REC-0106,HR,6,94.85,4,1,8.4,0.46,0.14,0.15,2,1,7.79,0,NONE
REC-1141,HR,1,85.36,1,2,8.72,0.58,0.07,0.2,1,2,6.78,0,NONE
REC-1086,Engineering,5,87.4,0,2,8.56,0.57,0.18,0.11,1,3,8.43,0,NONE
REC-0721,Sales,9,87.42,0,0,8.48,0.56,0.04,0.06,1,2,8.53,0,NONE
REC-0240,Finance,7,80.52,0,2,8.16,0.28,0.1,0.2,3,2,9.08,0,NONE
REC-1166,QA,6,94.47,4,0,8.8,0.43,0.13,0.19,0,0,8.21,0,NONE
REC-1053,Operations,10,90.73,3,0,8.45,0.16,0.16,0.14,3,0,9.18,0,NONE
REC-1002,QA,9,88.11,3,2,8.67,0.17,0.01,0.05,2,0,7.88,0,NONE
REC-0320,Finance,3,90.41,1,0,9.19,0.45,0.08,0.04,0,2,8.31,0,NONE
REC-0607,HR,4,95.91,4,2,7.81,0.39,0.17,0.18,0,1,7.83,0,NONE
REC-0543,QA,12,88.54,1,1,9.02,0.3,0.05,0.09,2,2,8.06,0,NONE
REC-0853,Sales,5,84.81,3,0,8.34,0.24,0.2,0.02,0,3,7.4,0,NONE
REC-0073,HR,9,83.22,1,2,8.77,0.57,0.08,0.14,2,3,7.05,0,NONE
REC-0153,QA,12,56.19,4,6,9.42,0.3,0.16,0.22,2,1,6.64,1,HIGH_ABSENTEEISM
REC-0068,Finance,3,85.89,4,2,8.22,0.11,0.05,0.5,0,12,5.36,1,EARLY_CHECKOUT
REC-0136,Marketing,7,79.83,3,8,9.21,0.65,0.5,0.55,2,1,7.11,1,WEEKEND_BRIDGING
REC-0659,QA,10,71.65,4,14,9.47,0.67,0.33,0.26,3,1,6.89,1,HIGH_ABSENTEEISM
REC-0148,Operations,9,85.48,1,2,8.36,0.54,0.15,0.07,1,1,8.19,0,NONE
REC-0256,Finance,4,96.31,4,0,8.93,0.24,0.07,0.05,3,1,8.26,0,NONE
REC-0660,Sales,1,77.07,2,0,8.78,0.45,0.02,0.55,1,12,5.28,1,EARLY_CHECKOUT
REC-0655,Marketing,10,97.49,3,2,9.4,0.19,0.14,0.16,3,0,7.38,0,NONE
REC-0167,Sales,11,92.73,1,1,9.18,0.55,0.05,0.1,3,2,7.28,0,NONE
REC-0171,Operations,5,81.2,4,1,7.95,0.6,0.02,0.01,0,2,8.85,0,NONE
REC-0176,Sales,12,91.52,1,1,8.22,0.58,0.08,0.15,1,2,7.55,0,NONE
REC-0029,Marketing,9,94.69,9,2,10.01,1.24,0.11,0.2,9,2,7.13,1,FREQUENT_LATE
REC-0571,Marketing,5,90.52,2,2,9.17,0.25,0.16,0.01,1,0,8.88,0,NONE
REC-0175,QA,9,89.36,2,2,8.6,0.25,0.14,0.08,0,0,8.02,0,NONE
REC-0480,HR,12,59.54,5,9,9.72,0.55,0.1,0.25,4,3,4.94,1,HIGH_ABSENTEEISM
REC-0588,Sales,10,81.46,0,2,9.11,0.34,0.16,0.15,0,3,6.98,0,NONE
REC-0618,Operations,11,80.5,4,2,10.04,1.02,0.17,0.19,5,3,5.98,1,FREQUENT_LATE
REC-0206,Operations,8,91.92,1,3,8.44,0.11,0.15,0.38,2,16,5.64,1,EARLY_CHECKOUT
REC-1197,Engineering,11,90.13,4,2,8.94,0.59,0.17,0.08,3,3,8.85,0,NONE
REC-0295,Finance,10,100.93,1,2,7.77,0.36,0.15,0.19,1,1,6.36,0,NONE
REC-0452,Marketing,12,99.22,3,0,8.37,0.24,0.02,0.02,1,3,7.73,0,NONE
REC-0547,Operations,2,95.98,3,2,8.28,0.39,0.02,0.13,2,3,8.44,0,NONE
REC-0304,Marketing,6,91.88,4,2,8.63,0.44,0.15,0.2,1,3,8.02,0,NONE
REC-1174,Engineering,9,75.02,14,2,9.88,1.02,0.07,0.2,4,1,6.72,1,FREQUENT_LATE
REC-1054,QA,4,47.93,4,7,8.17,0.7,0.43,0.2,4,1,5.85,1,HIGH_ABSENTEEISM
REC-0118,Operations,6,80.11,1,0,8.12,0.56,0.09,0.02,3,3,8.29,0,NONE
REC-0300,QA,4,85.57,0,1,8.1,0.56,0.09,0.18,3,3,8.0,0,NONE
REC-0524,Sales,4,90.67,0,3,9.35,0.24,0.08,0.53,2,16,4.47,1,EARLY_CHECKOUT
REC-0214,Sales,11,88.01,7,2,10.88,1.46,0.05,0.06,4,1,7.41,1,FREQUENT_LATE
REC-1087,Engineering,3,85.85,1,0,9.13,0.59,0.04,0.09,2,0,8.5,0,NONE
REC-0003,HR,3,76.66,1,4,9.46,0.34,0.71,0.35,3,1,7.54,1,WEEKEND_BRIDGING
REC-0567,Marketing,3,87.78,1,1,8.07,0.27,0.11,0.4,0,13,4.6,1,EARLY_CHECKOUT
REC-0931,QA,5,83.86,7,2,10.15,0.43,0.16,0.24,5,2,6.99,1,FREQUENT_LATE
REC-0998,HR,9,86.2,1,1,9.11,0.15,0.03,0.06,1,1,8.56,0,NONE
REC-1066,Finance,3,83.94,7,0,10.43,0.97,0.03,0.2,3,0,8.08,1,FREQUENT_LATE
REC-0495,QA,2,89.51,0,2,9.34,0.23,0.17,0.18,0,1,6.58,0,NONE
REC-0797,QA,1,98.78,2,2,9.12,0.17,0.1,0.15,0,0,7.96,0,NONE
REC-0043,Marketing,2,90.95,3,1,8.23,0.45,0.13,0.2,2,0,7.69,0,NONE
REC-0706,Finance,11,85.12,0,0,9.1,0.51,0.12,0.13,3,1,7.18,0,NONE
REC-0614,HR,6,97.76,1,0,8.75,0.16,0.04,0.11,2,3,7.14,0,NONE
REC-1057,Marketing,2,76.56,1,6,8.43,0.5,0.78,0.32,3,4,7.18,1,WEEKEND_BRIDGING
REC-0158,Engineering,7,84.71,2,2,8.22,0.35,0.19,0.15,2,1,6.72,0,NONE
REC-0165,Sales,10,86.17,1,2,8.62,0.53,0.05,0.1,1,1,8.57,0,NONE
REC-0385,Sales,12,82.31,4,1,8.5,0.19,0.14,0.4,3,6,5.45,1,EARLY_CHECKOUT
REC-0605,Marketing,1,99.22,0,2,8.89,0.37,0.03,0.12,0,1,7.48,0,NONE
REC-0183,Finance,10,96.64,4,0,8.43,0.38,0.1,0.01,1,3,7.68,0,NONE
REC-0089,Operations,7,96.86,3,2,9.34,0.13,0.03,0.02,2,0,8.92,0,NONE
REC-0370,QA,5,97.8,4,1,9.13,0.39,0.19,0.03,0,2,8.7,0,NONE
REC-0376,HR,3,80.49,4,10,9.53,0.3,0.32,0.28,2,2,6.52,1,HIGH_ABSENTEEISM
REC-1007,Sales,12,97.2,1,2,8.64,0.27,0.11,0.17,0,2,8.0,0,NONE
REC-0533,Finance,9,87.75,12,3,9.81,0.8,0.01,0.1,3,1,7.08,1,FREQUENT_LATE
REC-0875,QA,7,94.71,2,2,8.42,0.16,0.09,0.17,3,0,8.5,0,NONE
REC-0443,HR,6,86.41,3,0,8.36,0.4,0.18,0.12,3,2,7.42,0,NONE
REC-1169,Sales,1,85.82,0,2,8.56,0.28,0.05,0.15,1,0,8.51,0,NONE
REC-0730,Finance,12,87.44,4,1,9.47,0.28,0.15,0.09,2,3,9.77,0,NONE
REC-0600,Marketing,11,91.21,4,0,8.59,0.45,0.03,0.18,3,3,6.84,0,NONE
REC-0864,HR,12,83.15,4,1,8.54,0.21,0.05,0.1,1,3,7.96,0,NONE
REC-0237,Operations,3,92.8,0,0,8.63,0.11,0.14,0.14,3,3,8.54,0,NONE
REC-0064,Marketing,6,90.52,2,2,8.18,0.37,0.08,0.03,1,2,8.69,0,NONE
REC-1108,Finance,3,97.62,3,0,8.32,0.51,0.14,0.03,1,1,7.31,0,NONE
REC-0305,HR,2,77.69,4,3,8.84,0.59,0.78,0.66,3,3,7.8,1,WEEKEND_BRIDGING
REC-0837,QA,12,59.2,3,10,8.78,0.44,0.14,0.26,0,1,4.61,1,HIGH_ABSENTEEISM
REC-0634,Engineering,5,88.66,0,0,9.81,0.39,0.13,0.14,1,0,10.16,0,NONE
REC-0449,Finance,3,80.36,4,1,9.58,0.16,0.07,0.17,2,1,9.38,0,NONE
REC-0576,QA,4,87.31,3,1,8.46,0.46,0.13,0.12,0,3,7.64,0,NONE
REC-0384,Sales,8,94.34,1,1,9.57,0.36,0.18,0.17,1,3,8.24,0,NONE
REC-0662,Marketing,8,94.49,1,2,8.62,0.17,0.15,0.04,1,3,8.74,0,NONE
REC-1159,Finance,2,90.54,3,2,9.14,0.33,0.07,0.05,0,3,8.38,0,NONE
REC-1180,Finance,3,90.3,2,1,8.32,0.5,0.15,0.15,2,0,9.73,0,NONE
REC-1031,Operations,7,60.05,1,8,10.21,0.82,0.18,0.14,1,1,4.96,1,HIGH_ABSENTEEISM
REC-0223,Sales,2,84.5,1,1,8.65,0.36,0.02,0.16,3,3,7.28,0,NONE
REC-0835,Finance,9,95.43,1,1,8.59,0.48,0.16,0.09,3,2,8.36,0,NONE
REC-0329,Engineering,10,97.01,2,1,9.0,0.48,0.09,0.12,1,1,8.74,0,NONE
REC-0186,Finance,10,92.18,3,1,8.58,0.15,0.11,0.2,1,0,8.56,0,NONE
REC-0012,HR,3,81.39,0,0,8.31,0.36,0.03,0.09,3,2,8.07,0,NONE
REC-0954,HR,4,86.91,3,0,9.15,0.19,0.04,0.12,1,3,8.01,0,NONE
REC-0265,Finance,7,93.96,0,1,8.22,0.55,0.09,0.01,2,2,8.64,0,NONE
REC-0128,Sales,4,91.81,0,1,8.41,0.11,0.16,0.17,2,2,7.84,0,NONE
REC-1192,Finance,7,89.11,2,1,7.96,0.56,0.02,0.04,0,3,8.01,0,NONE
REC-0799,Finance,3,85.77,2,1,8.57,0.35,0.12,0.03,2,0,7.76,0,NONE
REC-0986,Marketing,4,89.54,3,1,8.89,0.52,0.01,0.17,2,2,8.75,0,NONE
REC-0631,Finance,7,84.47,4,2,9.01,0.43,0.14,0.51,1,6,5.5,1,EARLY_CHECKOUT
REC-0833,QA,5,92.03,2,2,9.1,0.55,0.03,0.07,0,2,9.36,0,NONE
REC-0086,Sales,1,83.75,4,2,9.96,1.14,0.19,0.13,5,0,7.77,1,FREQUENT_LATE
REC-0937,Sales,9,67.62,0,9,8.44,0.63,0.37,0.55,3,2,7.45,1,WEEKEND_BRIDGING
REC-0737,HR,8,70.37,4,8,8.94,0.42,0.38,0.34,2,2,7.76,1,HIGH_ABSENTEEISM
REC-0993,Marketing,10,87.32,0,0,8.16,0.38,0.2,0.01,1,0,9.02,0,NONE
REC-0259,Operations,7,86.92,1,0,9.02,0.12,0.19,0.13,1,3,7.59,0,NONE
REC-1018,HR,11,82.37,1,1,8.96,0.14,0.14,0.07,2,0,8.42,0,NONE
REC-0364,Engineering,12,85.34,0,0,8.2,0.57,0.07,0.08,3,1,8.04,0,NONE
REC-0507,Sales,12,85.12,3,0,8.14,0.37,0.01,0.11,0,0,9.0,0,NONE
REC-1048,Marketing,12,94.33,1,1,9.19,0.6,0.14,0.11,2,2,7.9,0,NONE
REC-1046,QA,2,68.04,3,7,9.45,0.24,0.31,0.18,2,3,7.56,1,HIGH_ABSENTEEISM
REC-0412,QA,11,92.46,2,0,9.43,0.13,0.02,0.12,3,0,9.91,0,NONE
REC-1013,Engineering,10,86.36,0,0,8.79,0.4,0.1,0.05,2,3,6.86,0,NONE
REC-0934,HR,5,97.01,2,0,8.41,0.52,0.13,0.05,1,2,7.59,0,NONE
REC-0435,Operations,3,93.58,2,2,9.07,0.32,0.1,0.12,3,0,8.0,0,NONE
REC-0337,Operations,4,94.09,4,2,8.87,0.37,0.08,0.0,1,1,6.94,0,NONE
REC-0299,Operations,6,82.41,4,2,8.94,0.49,0.15,0.03,0,3,9.24,0,NONE
REC-0989,Finance,11,90.73,4,2,9.06,0.18,0.06,0.02,2,1,6.54,0,NONE
REC-0317,Operations,10,83.32,0,0,8.54,0.54,0.05,0.09,0,0,8.99,0,NONE
REC-0111,Operations,5,87.13,0,1,8.15,0.14,0.16,0.15,3,3,8.19,0,NONE
REC-0080,Marketing,2,91.94,3,1,9.07,0.26,0.05,0.16,1,1,7.01,0,NONE
REC-1105,QA,9,84.85,1,1,9.31,0.19,0.07,0.35,3,11,5.56,1,EARLY_CHECKOUT
REC-0314,Marketing,4,86.55,0,2,8.33,0.44,0.08,0.02,0,1,8.31,0,NONE
REC-1194,Marketing,7,86.3,2,1,8.45,0.13,0.04,0.06,3,0,8.65,0,NONE
REC-0142,QA,7,87.25,2,0,9.03,0.46,0.05,0.0,2,1,7.54,0,NONE
REC-0132,Finance,6,88.23,1,2,8.76,0.57,0.07,0.12,2,0,9.77,0,NONE
REC-1022,Sales,12,87.15,3,2,8.78,0.48,0.11,0.18,3,0,7.39,0,NONE
REC-0499,QA,7,87.16,4,2,8.32,0.47,0.13,0.16,1,3,7.59,0,NONE
REC-0584,Sales,2,82.82,9,3,10.43,0.96,0.2,0.06,6,3,7.15,1,FREQUENT_LATE
REC-1037,Marketing,8,85.45,4,0,8.9,0.13,0.19,0.09,3,2,9.06,0,NONE
REC-0790,Sales,9,86.02,4,2,9.08,0.22,0.1,0.17,2,3,8.08,0,NONE
REC-0840,HR,5,80.3,0,1,8.55,0.24,0.06,0.21,2,17,5.1,1,EARLY_CHECKOUT
REC-1173,QA,9,96.08,2,0,9.18,0.38,0.2,0.1,2,0,9.5,0,NONE
REC-0564,HR,2,90.46,2,1,8.15,0.43,0.11,0.05,0,2,9.85,0,NONE
REC-0561,HR,6,95.91,1,2,9.09,0.39,0.09,0.15,1,0,9.4,0,NONE
REC-0396,Operations,3,99.29,0,1,8.42,0.55,0.05,0.03,3,3,8.26,0,NONE
REC-0847,Sales,6,78.54,7,10,9.64,0.48,0.44,0.19,3,2,6.71,1,HIGH_ABSENTEEISM
REC-0715,QA,5,83.2,0,1,8.55,0.35,0.15,0.01,2,3,8.65,0,NONE
REC-0124,Operations,9,86.98,4,0,8.24,0.25,0.06,0.09,2,2,7.36,0,NONE
REC-0978,Finance,6,93.53,2,0,9.83,0.56,0.18,0.02,1,1,7.67,0,NONE
REC-0907,Sales,10,98.38,0,0,8.85,0.13,0.19,0.0,3,0,7.68,0,NONE
REC-0759,Engineering,11,96.21,4,0,8.18,0.15,0.03,0.09,0,2,7.3,0,NONE
REC-0960,Engineering,5,89.93,0,1,8.97,0.4,0.03,0.48,1,13,4.33,1,EARLY_CHECKOUT
REC-0722,Engineering,11,78.73,6,0,10.05,0.84,0.05,0.09,9,1,6.68,1,FREQUENT_LATE
REC-0727,Sales,7,83.08,10,2,10.78,0.79,0.07,0.1,5,2,7.58,1,FREQUENT_LATE
REC-0961,Sales,12,96.4,3,1,8.47,0.56,0.15,0.19,0,0,7.75,0,NONE
REC-0693,HR,3,86.7,1,8,7.79,0.69,0.74,0.53,0,1,8.38,1,WEEKEND_BRIDGING
REC-0886,Operations,3,96.86,0,2,8.9,0.45,0.17,0.17,1,0,8.23,0,NONE
REC-0137,HR,8,80.55,0,1,10.22,0.53,0.04,0.1,2,0,7.71,0,NONE
REC-0751,Finance,5,93.72,2,0,8.48,0.12,0.09,0.05,3,1,7.21,0,NONE
REC-0870,Finance,1,90.47,1,7,8.73,0.62,0.53,0.49,0,2,6.03,1,WEEKEND_BRIDGING
REC-0218,Engineering,1,80.49,6,6,10.23,0.9,0.38,0.14,3,1,7.53,1,HIGH_ABSENTEEISM
REC-0942,Engineering,9,84.41,0,5,8.46,0.22,0.72,0.29,2,2,7.04,1,WEEKEND_BRIDGING
REC-0792,Marketing,9,83.84,0,0,8.22,0.55,0.03,0.14,3,2,8.65,0,NONE
REC-1176,QA,3,85.29,2,0,8.76,0.37,0.12,0.16,2,3,8.68,0,NONE
REC-0037,Finance,3,92.03,2,0,9.11,0.47,0.0,0.07,2,0,8.4,0,NONE
REC-0391,Engineering,3,90.62,3,2,8.69,0.46,0.19,0.04,0,2,8.17,0,NONE
REC-1027,HR,2,91.66,4,2,9.7,0.3,0.14,0.17,1,3,7.56,0,NONE
REC-0150,Engineering,1,90.38,0,1,8.5,0.14,0.03,0.19,2,2,8.82,0,NONE
REC-0832,QA,4,96.21,12,1,9.2,1.51,0.15,0.04,5,1,7.19,1,FREQUENT_LATE
REC-1043,Finance,9,90.54,0,2,8.38,0.42,0.01,0.17,1,1,7.51,0,NONE
REC-0019,HR,2,94.29,3,1,8.7,0.48,0.11,0.16,1,0,8.75,0,NONE
REC-0652,Operations,6,81.3,4,2,9.28,0.34,0.09,0.06,2,2,7.89,0,NONE
REC-0328,Sales,4,89.08,2,0,8.78,0.38,0.11,0.17,0,2,7.94,0,NONE
REC-0492,Engineering,1,99.73,0,0,8.68,0.13,0.06,0.13,3,1,8.2,0,NONE
REC-0731,Sales,11,82.29,1,1,8.82,0.36,0.18,0.19,1,1,8.45,0,NONE
REC-0330,Finance,12,81.75,2,2,9.05,0.44,0.01,0.01,1,3,8.95,0,NONE
REC-0146,Marketing,1,82.31,1,1,9.39,0.53,0.05,0.11,2,2,7.46,0,NONE
REC-0975,Finance,3,85.86,1,2,9.31,0.17,0.13,0.19,3,1,8.23,0,NONE
REC-0583,Engineering,5,96.71,1,1,8.87,0.41,0.12,0.13,2,1,8.9,0,NONE
REC-1088,Finance,4,91.2,4,3,11.33,1.09,0.11,0.23,9,2,7.12,1,FREQUENT_LATE
REC-0433,HR,8,94.65,4,2,9.3,0.42,0.11,0.08,0,1,8.69,0,NONE
REC-0914,HR,7,85.1,4,2,9.23,0.29,0.05,0.35,0,17,6.65,1,EARLY_CHECKOUT
REC-0748,HR,3,85.02,0,0,9.85,0.6,0.18,0.07,3,0,9.68,0,NONE
REC-0465,Engineering,11,89.88,3,0,9.4,0.46,0.14,0.47,1,12,5.08,1,EARLY_CHECKOUT
REC-0055,Engineering,3,77.13,11,0,11.42,0.99,0.23,0.18,9,3,7.58,1,FREQUENT_LATE
REC-0843,Operations,10,83.02,3,2,9.02,0.2,0.05,0.08,1,0,8.39,0,NONE
REC-1028,Sales,3,85.03,0,6,8.93,0.25,0.32,0.73,0,0,8.25,1,WEEKEND_BRIDGING
REC-0815,Operations,8,50.67,7,7,8.58,1.09,0.14,0.31,4,4,7.01,1,HIGH_ABSENTEEISM
REC-0574,Operations,4,84.43,1,0,8.64,0.32,0.13,0.01,2,3,7.1,0,NONE
REC-0066,HR,3,97.29,3,2,8.84,0.31,0.02,0.12,2,3,7.58,0,NONE
REC-1079,Marketing,5,83.88,3,1,7.94,0.44,0.09,0.51,2,8,5.66,1,EARLY_CHECKOUT
REC-0866,Marketing,1,86.3,1,7,9.52,0.35,0.54,0.5,1,1,7.75,1,WEEKEND_BRIDGING
REC-0882,Finance,9,87.9,1,2,8.05,0.23,0.15,0.17,3,3,6.0,0,NONE
REC-0162,Engineering,4,94.03,0,1,8.73,0.45,0.09,0.09,2,3,8.78,0,NONE
REC-0232,Operations,6,96.5,0,0,8.16,0.41,0.09,0.06,2,0,8.74,0,NONE
REC-0410,Sales,10,54.62,1,14,8.65,1.09,0.15,0.15,2,3,6.69,1,HIGH_ABSENTEEISM
REC-0271,Engineering,8,96.62,2,2,8.78,0.18,0.11,0.08,1,0,8.88,0,NONE
REC-0348,Engineering,9,93.21,9,2,9.48,1.07,0.14,0.0,4,2,6.5,1,FREQUENT_LATE
REC-0429,Engineering,5,83.39,2,2,8.51,0.23,0.08,0.19,2,3,8.03,0,NONE
REC-0713,QA,3,59.7,2,11,8.03,0.22,0.18,0.27,2,5,6.79,1,HIGH_ABSENTEEISM
REC-1133,HR,11,98.61,3,0,9.1,0.5,0.05,0.05,1,2,9.11,0,NONE
REC-0746,Sales,4,81.38,4,1,9.69,0.21,0.19,0.12,2,2,9.44,0,NONE
REC-0164,Finance,11,95.18,2,3,8.89,0.15,0.05,0.28,2,11,5.45,1,EARLY_CHECKOUT
REC-0088,Engineering,5,88.6,2,0,9.44,0.33,0.1,0.06,3,1,8.0,0,NONE
REC-1136,Sales,2,80.93,4,3,10.46,1.53,0.11,0.01,5,3,5.87,1,FREQUENT_LATE
REC-0849,Engineering,1,97.52,1,0,8.45,0.26,0.02,0.17,0,0,9.15,0,NONE
REC-0247,Sales,2,75.98,8,1,10.58,0.72,0.13,0.01,6,1,5.89,1,FREQUENT_LATE
REC-0776,Engineering,7,91.89,0,1,8.81,0.56,0.13,0.1,2,0,7.23,0,NONE
REC-0005,Engineering,1,97.51,0,2,9.64,0.18,0.03,0.09,1,2,8.25,0,NONE
REC-0069,Engineering,4,89.5,0,0,8.58,0.17,0.02,0.0,2,3,8.53,0,NONE
REC-0497,Marketing,11,94.23,4,1,8.68,0.5,0.1,0.04,3,0,8.02,0,NONE
REC-0032,Marketing,5,86.37,2,0,8.81,0.12,0.03,0.05,1,3,9.57,0,NONE
REC-0873,Engineering,1,90.34,4,0,7.78,0.4,0.09,0.19,3,1,9.13,0,NONE
REC-0103,Sales,8,87.55,3,0,8.24,0.52,0.12,0.04,2,0,8.5,0,NONE
REC-1185,HR,6,87.52,3,0,8.2,0.18,0.04,0.02,2,2,8.63,0,NONE
REC-0230,Sales,6,83.69,1,2,9.78,0.4,0.15,0.17,1,1,7.4,0,NONE
REC-1029,Operations,6,98.15,1,2,8.71,0.5,0.11,0.04,0,1,7.87,0,NONE
REC-0947,Finance,7,78.91,7,11,8.8,0.23,0.44,0.25,1,4,6.13,1,HIGH_ABSENTEEISM
REC-1049,HR,3,98.09,0,1,8.66,0.13,0.12,0.04,1,2,8.45,0,NONE
REC-1182,Operations,8,93.28,1,1,9.01,0.34,0.01,0.08,3,3,7.3,0,NONE
REC-1061,Finance,12,67.04,0,4,8.48,0.67,0.56,0.43,2,4,7.18,1,WEEKEND_BRIDGING
REC-0355,Engineering,8,59.04,3,9,8.31,0.86,0.26,0.3,2,0,7.27,1,HIGH_ABSENTEEISM
REC-0535,Finance,9,86.47,1,3,8.52,0.41,0.16,0.44,0,7,5.78,1,EARLY_CHECKOUT
REC-0189,Marketing,7,75.01,2,8,9.6,0.82,0.27,0.11,0,5,5.25,1,HIGH_ABSENTEEISM
REC-0052,HR,6,77.13,6,0,9.74,1.05,0.24,0.04,7,3,6.6,1,FREQUENT_LATE
REC-0971,Engineering,1,62.82,5,10,8.75,0.28,0.25,0.25,1,0,5.76,1,HIGH_ABSENTEEISM
REC-0764,QA,12,87.37,0,1,8.84,0.11,0.17,0.37,0,11,4.22,1,EARLY_CHECKOUT
REC-0074,HR,7,89.79,3,4,9.55,0.67,0.36,0.27,0,4,7.68,1,WEEKEND_BRIDGING
REC-0083,Sales,10,86.1,0,2,8.37,0.29,0.02,0.09,1,3,8.42,0,NONE
REC-0756,Marketing,3,92.24,1,0,9.28,0.3,0.03,0.28,0,9,6.23,1,EARLY_CHECKOUT
REC-0967,Finance,5,81.61,4,1,9.47,0.56,0.18,0.15,3,0,8.77,0,NONE
REC-0014,Finance,3,87.82,4,9,9.22,0.51,0.6,0.37,0,3,8.48,1,WEEKEND_BRIDGING
REC-0675,Marketing,2,94.67,0,2,7.98,0.55,0.1,0.15,0,2,9.6,0,NONE
REC-0091,QA,3,98.28,2,0,8.71,0.15,0.02,0.09,0,0,7.91,0,NONE
REC-0761,HR,2,96.55,2,0,8.69,0.43,0.06,0.19,0,2,9.14,0,NONE
REC-0941,Marketing,6,92.55,4,1,8.66,0.31,0.19,0.44,0,7,5.59,1,EARLY_CHECKOUT
REC-0945,Finance,3,86.38,0,2,9.06,0.6,0.11,0.16,2,3,8.29,0,NONE
REC-0818,HR,1,81.41,13,3,9.91,0.56,0.07,0.17,5,0,5.71,1,FREQUENT_LATE
REC-0933,QA,12,98.93,4,2,7.94,0.27,0.09,0.05,3,3,7.23,0,NONE
REC-1075,Sales,2,87.82,10,2,9.84,0.92,0.16,0.04,3,3,7.66,1,FREQUENT_LATE
REC-0729,QA,9,83.5,1,0,9.66,0.48,0.04,0.12,1,3,6.8,0,NONE
REC-0512,Operations,3,90.52,4,0,8.89,0.34,0.15,0.37,2,6,7.44,1,EARLY_CHECKOUT
REC-0365,Operations,1,79.44,3,5,8.65,0.69,0.52,0.45,0,1,7.15,1,WEEKEND_BRIDGING
REC-1021,Operations,3,82.23,2,1,8.83,0.14,0.1,0.17,2,2,7.63,0,NONE
REC-0100,HR,11,84.87,0,1,9.06,0.57,0.11,0.11,1,2,8.34,0,NONE
REC-0528,QA,12,92.98,0,2,9.31,0.18,0.06,0.18,3,3,9.28,0,NONE
REC-0965,Finance,7,87.15,4,2,9.8,0.27,0.09,0.01,1,2,8.27,0,NONE
REC-0948,Marketing,8,84.03,1,0,8.51,0.26,0.1,0.05,0,1,8.19,0,NONE
REC-0367,QA,12,78.16,1,8,8.61,0.55,0.79,0.7,3,3,7.14,1,WEEKEND_BRIDGING
REC-0820,QA,8,89.24,11,0,9.6,1.01,0.02,0.18,8,0,6.28,1,FREQUENT_LATE
REC-0500,Marketing,7,83.01,2,0,8.39,0.36,0.01,0.01,3,2,9.25,0,NONE
REC-0070,Sales,2,88.17,0,2,8.58,0.41,0.14,0.02,2,1,8.01,0,NONE
REC-0892,HR,2,91.08,2,2,9.52,0.45,0.06,0.17,1,3,7.74,0,NONE
REC-1177,Marketing,10,70.3,0,4,9.36,0.33,0.58,0.42,3,4,7.93,1,WEEKEND_BRIDGING
REC-0613,Marketing,8,91.31,2,1,9.3,0.52,0.2,0.15,2,3,7.99,0,NONE
REC-0112,QA,4,72.21,5,8,10.59,0.62,0.43,0.17,4,2,6.93,1,HIGH_ABSENTEEISM
REC-0392,HR,8,87.65,2,0,9.04,0.53,0.13,0.09,2,0,7.62,0,NONE
REC-0008,Finance,1,83.43,2,0,9.26,0.36,0.14,0.08,2,3,7.87,0,NONE
REC-0180,Marketing,5,85.53,6,0,10.4,1.39,0.19,0.1,3,2,7.45,1,FREQUENT_LATE
REC-0579,Engineering,6,85.33,14,0,10.11,1.58,0.13,0.02,7,0,6.35,1,FREQUENT_LATE
REC-0280,QA,9,85.71,4,2,9.12,0.11,0.16,0.15,3,3,8.27,0,NONE
REC-0943,QA,9,92.47,5,0,10.26,0.75,0.14,0.22,9,3,7.1,1,FREQUENT_LATE
REC-0906,Engineering,6,85.81,4,2,8.48,0.59,0.15,0.01,0,0,7.65,0,NONE
REC-0890,HR,2,96.65,0,1,8.76,0.1,0.15,0.06,3,3,7.56,0,NONE
REC-0668,Finance,12,57.28,3,6,8.93,0.72,0.25,0.3,3,0,7.2,1,HIGH_ABSENTEEISM
REC-0406,Finance,2,94.64,1,0,8.85,0.14,0.02,0.14,2,3,7.48,0,NONE
REC-0663,Operations,11,88.28,1,2,9.02,0.58,0.2,0.15,1,0,8.25,0,NONE
REC-0219,Finance,12,97.55,3,1,9.59,0.38,0.16,0.11,0,1,9.24,0,NONE
REC-1149,Sales,3,65.79,5,9,10.47,0.45,0.11,0.13,1,0,5.38,1,HIGH_ABSENTEEISM
REC-0004,QA,3,82.41,4,0,10.72,0.48,0.04,0.19,9,1,6.8,1,FREQUENT_LATE
REC-0383,QA,3,95.0,0,2,9.25,0.57,0.06,0.05,1,1,7.69,0,NONE
REC-0439,HR,12,90.13,4,2,9.29,0.25,0.04,0.14,1,0,8.57,0,NONE
REC-1051,HR,7,70.74,5,9,8.19,1.03,0.19,0.16,3,3,5.32,1,HIGH_ABSENTEEISM
REC-0378,Marketing,5,97.35,2,2,9.46,0.36,0.04,0.11,1,2,9.47,0,NONE
REC-0071,QA,12,89.95,1,2,8.66,0.44,0.11,0.11,3,1,8.81,0,NONE
REC-0267,QA,9,85.04,2,0,9.27,0.24,0.07,0.16,2,0,8.35,0,NONE
REC-0233,Marketing,8,86.68,0,1,8.41,0.57,0.2,0.14,2,2,8.92,0,NONE
REC-0726,Sales,6,97.97,0,1,9.23,0.18,0.11,0.09,2,0,7.95,0,NONE
REC-1100,Engineering,5,84.24,4,2,9.13,0.4,0.14,0.02,3,1,8.19,0,NONE
REC-1103,HR,8,97.38,4,1,9.0,0.33,0.02,0.19,0,2,9.01,0,NONE
REC-0755,QA,1,92.04,4,2,10.09,0.58,0.24,0.17,8,0,5.43,1,FREQUENT_LATE
REC-0404,Engineering,12,83.19,3,2,9.43,0.48,0.01,0.12,1,3,8.2,0,NONE
REC-0913,Sales,4,97.15,2,2,9.25,0.42,0.14,0.03,0,2,7.84,0,NONE
REC-0586,HR,10,93.52,4,0,8.66,0.52,0.01,0.1,3,1,8.42,0,NONE
REC-0323,Finance,12,96.71,0,1,9.2,0.53,0.05,0.18,3,3,8.14,0,NONE
REC-0562,Marketing,11,85.47,0,1,9.43,0.26,0.13,0.06,0,2,7.0,0,NONE
REC-0085,HR,3,95.79,0,0,9.33,0.58,0.04,0.13,3,0,7.6,0,NONE
REC-0712,Marketing,3,88.75,3,2,8.33,0.28,0.02,0.05,3,1,6.66,0,NONE
REC-0228,Operations,11,63.63,3,13,9.47,0.3,0.15,0.32,4,3,6.94,1,HIGH_ABSENTEEISM
REC-0093,QA,11,97.53,3,1,9.24,0.2,0.11,0.13,2,1,9.12,0,NONE
REC-0944,Finance,11,87.95,4,0,8.08,0.2,0.14,0.01,0,3,7.48,0,NONE
REC-0290,Operations,1,94.83,0,2,7.66,0.29,0.03,0.05,2,2,8.1,0,NONE
REC-0856,QA,9,63.03,6,13,9.7,1.06,0.22,0.21,4,1,6.98,1,HIGH_ABSENTEEISM
REC-0824,QA,5,77.78,11,3,9.74,1.58,0.07,0.01,8,3,5.22,1,FREQUENT_LATE
REC-0097,Engineering,12,96.89,4,0,9.4,0.33,0.09,0.19,3,2,8.77,0,NONE
REC-0009,QA,12,82.49,4,1,9.43,1.21,0.22,0.19,9,1,5.51,1,FREQUENT_LATE
REC-0669,HR,8,88.31,2,0,8.72,0.33,0.19,0.02,3,0,9.15,0,NONE
REC-0127,Marketing,1,81.24,4,1,8.27,0.59,0.18,0.0,1,3,9.95,0,NONE
REC-0678,Marketing,9,93.75,0,1,8.7,0.24,0.13,0.06,3,2,8.62,0,NONE
REC-1033,QA,6,93.38,0,2,8.51,0.34,0.04,0.14,2,1,8.28,0,NONE
REC-0157,Sales,2,95.54,3,1,9.16,0.51,0.07,0.08,1,3,9.07,0,NONE
REC-0810,HR,3,83.96,5,0,10.14,0.62,0.03,0.02,8,3,8.26,1,FREQUENT_LATE
REC-1162,Marketing,5,80.46,8,3,10.47,0.81,0.12,0.09,6,0,5.89,1,FREQUENT_LATE
REC-0563,Marketing,7,87.93,0,0,8.98,0.59,0.18,0.05,2,1,8.89,0,NONE
REC-0525,Finance,2,62.32,4,12,9.57,0.57,0.39,0.2,0,2,6.44,1,HIGH_ABSENTEEISM
REC-0446,Operations,12,86.42,3,0,9.17,0.17,0.14,0.05,3,3,8.36,0,NONE
REC-0782,Operations,8,83.53,4,0,8.19,0.49,0.15,0.1,1,3,7.54,0,NONE
REC-0249,Marketing,12,89.48,3,1,9.62,0.1,0.12,0.1,2,1,7.27,0,NONE
REC-0734,Finance,6,96.01,0,1,8.64,0.42,0.14,0.1,0,1,8.76,0,NONE
REC-0315,Operations,8,91.98,2,1,8.87,0.38,0.04,0.09,1,3,7.85,0,NONE
REC-0566,QA,2,102.05,1,0,8.9,0.1,0.19,0.15,1,2,7.55,0,NONE
REC-0028,Finance,4,83.02,1,2,7.84,0.52,0.08,0.07,0,0,7.1,0,NONE
REC-1116,QA,4,91.08,0,0,8.77,0.57,0.08,0.08,1,3,6.89,0,NONE
REC-0724,Marketing,9,79.88,0,1,8.62,0.45,0.0,0.54,1,16,5.5,1,EARLY_CHECKOUT
REC-1023,Finance,2,72.12,1,12,9.75,0.38,0.12,0.32,3,2,4.92,1,HIGH_ABSENTEEISM
REC-1045,Sales,9,94.21,10,2,10.19,0.66,0.07,0.02,9,1,6.99,1,FREQUENT_LATE
REC-0758,Finance,3,93.87,2,0,8.07,0.55,0.08,0.19,2,0,7.81,0,NONE
REC-0360,Marketing,4,98.02,4,2,8.6,0.19,0.05,0.2,1,1,7.47,0,NONE
REC-0976,Engineering,12,96.85,4,2,9.39,0.57,0.1,0.11,0,0,8.38,0,NONE
REC-0893,Operations,2,97.47,0,1,8.87,0.21,0.05,0.15,2,0,7.91,0,NONE
REC-1052,Marketing,7,98.36,1,1,9.69,0.59,0.04,0.06,0,3,8.26,0,NONE
REC-0604,Operations,3,50.73,5,9,8.27,0.8,0.33,0.16,4,2,5.44,1,HIGH_ABSENTEEISM
REC-0278,Sales,11,89.69,0,5,8.97,0.22,0.3,0.47,0,0,7.32,1,WEEKEND_BRIDGING
REC-0952,Finance,10,78.21,0,2,9.21,0.15,0.05,0.05,1,2,9.08,0,NONE
REC-0258,Marketing,12,88.14,2,0,9.28,0.49,0.13,0.09,3,3,7.9,0,NONE
REC-0771,Marketing,3,88.52,4,1,8.51,0.53,0.15,0.04,2,3,8.16,0,NONE
REC-0332,Sales,4,89.87,0,1,8.85,0.49,0.06,0.07,2,3,8.44,0,NONE
REC-0092,Sales,9,90.62,9,1,9.43,1.12,0.0,0.09,5,0,7.91,1,FREQUENT_LATE
REC-0515,Finance,11,94.74,1,2,9.0,0.35,0.07,0.13,2,1,8.48,0,NONE
REC-0518,HR,7,86.99,4,2,8.56,0.13,0.15,0.18,3,2,9.73,0,NONE
REC-0478,QA,12,92.58,1,2,8.84,0.5,0.05,0.18,3,3,10.07,0,NONE
REC-1150,Marketing,8,74.08,3,14,10.04,0.79,0.35,0.33,0,3,7.45,1,HIGH_ABSENTEEISM
REC-0981,HR,7,92.89,0,1,8.76,0.23,0.15,0.02,1,2,7.88,0,NONE
REC-0642,Finance,4,92.42,0,0,9.42,0.28,0.15,0.07,0,1,7.6,0,NONE
REC-0239,HR,10,87.59,4,4,9.49,0.79,0.56,0.6,3,2,7.63,1,WEEKEND_BRIDGING
REC-0750,Operations,4,92.96,1,1,9.23,0.25,0.17,0.14,2,1,8.9,0,NONE
REC-0401,HR,12,83.79,4,2,9.15,0.3,0.06,0.09,0,1,8.47,0,NONE
REC-0743,Operations,3,94.69,11,3,10.64,0.95,0.01,0.04,3,0,6.72,1,FREQUENT_LATE
REC-0079,Marketing,9,88.8,1,0,9.16,0.44,0.01,0.09,3,3,7.85,0,NONE
REC-0489,Finance,5,103.3,4,0,8.58,0.43,0.02,0.04,3,1,7.29,0,NONE
REC-0331,Marketing,1,96.44,2,2,9.45,0.39,0.11,0.1,2,2,8.12,0,NONE
REC-0026,Engineering,4,83.61,1,2,8.61,0.55,0.17,0.05,0,2,8.76,0,NONE
REC-0273,Operations,4,98.01,0,0,8.9,0.38,0.17,0.14,1,0,7.47,0,NONE
REC-1161,HR,4,81.4,4,6,8.24,0.69,0.52,0.32,3,3,6.55,1,WEEKEND_BRIDGING
REC-0215,Marketing,7,98.55,3,2,9.62,0.15,0.13,0.02,2,3,8.08,0,NONE
REC-0851,Marketing,1,86.32,3,1,9.41,0.24,0.1,0.14,0,3,8.96,0,NONE
REC-1069,QA,7,79.87,3,3,8.29,0.31,0.07,0.43,1,14,6.59,1,EARLY_CHECKOUT
REC-0057,Engineering,9,81.66,0,0,9.28,0.15,0.04,0.12,2,1,7.49,0,NONE
REC-0601,Engineering,2,91.59,12,1,9.36,0.72,0.06,0.07,9,0,7.01,1,FREQUENT_LATE
REC-0545,Operations,12,90.14,0,3,8.9,0.24,0.17,0.29,3,6,5.78,1,EARLY_CHECKOUT
REC-1127,Engineering,6,89.24,4,1,9.17,0.29,0.13,0.09,1,1,8.0,0,NONE
REC-0860,Marketing,12,91.82,4,2,8.95,0.39,0.01,0.36,0,15,5.99,1,EARLY_CHECKOUT
REC-0096,Finance,2,97.11,1,1,8.71,0.17,0.18,0.15,3,0,7.71,0,NONE
REC-1074,HR,2,83.89,0,1,8.65,0.18,0.17,0.18,1,3,7.6,0,NONE
REC-0141,Operations,8,91.67,0,2,8.55,0.14,0.08,0.46,3,17,5.5,1,EARLY_CHECKOUT
REC-0779,Engineering,4,79.62,1,3,9.8,0.45,0.48,0.34,3,2,8.37,1,WEEKEND_BRIDGING
REC-0598,Finance,6,86.91,13,3,10.04,0.46,0.05,0.25,8,1,7.15,1,FREQUENT_LATE
REC-0812,Marketing,10,85.65,1,0,9.3,0.53,0.08,0.07,0,2,8.18,0,NONE
REC-0152,QA,6,93.92,0,0,8.58,0.14,0.0,0.2,3,0,9.13,0,NONE
REC-0419,Sales,12,92.47,2,2,8.33,0.31,0.07,0.03,2,0,7.65,0,NONE
REC-0578,HR,2,90.56,2,1,9.2,0.22,0.05,0.16,3,1,8.2,0,NONE
REC-1091,Operations,4,99.67,2,0,9.43,0.36,0.14,0.09,2,2,9.33,0,NONE
REC-0394,QA,11,93.76,3,1,8.98,0.19,0.01,0.01,1,0,9.01,0,NONE
REC-0151,Marketing,5,94.92,0,2,8.66,0.45,0.07,0.03,1,0,7.78,0,NONE
REC-1044,Finance,6,86.71,2,2,8.09,0.38,0.05,0.08,3,1,7.9,0,NONE
REC-0155,Finance,12,65.53,4,6,9.71,0.4,0.42,0.13,3,3,6.63,1,HIGH_ABSENTEEISM
REC-0649,Operations,7,75.85,1,14,8.8,0.43,0.31,0.2,0,4,8.01,1,HIGH_ABSENTEEISM
REC-0936,Operations,10,92.86,3,1,8.76,0.29,0.14,0.17,1,0,7.4,0,NONE
REC-0208,Sales,1,92.41,1,1,8.27,0.5,0.13,0.17,2,2,7.89,0,NONE
REC-0969,Sales,5,83.76,0,1,8.49,0.12,0.04,0.18,1,0,8.61,0,NONE
REC-0340,Finance,8,89.31,4,0,9.33,0.39,0.08,0.17,3,0,7.21,0,NONE
REC-0058,Sales,10,89.16,4,0,9.35,0.25,0.0,0.03,3,2,7.51,0,NONE
REC-0244,Finance,9,84.84,4,1,9.06,0.25,0.0,0.04,2,3,7.97,0,NONE
REC-0585,QA,2,91.29,1,0,8.76,0.19,0.1,0.16,1,2,7.86,0,NONE
REC-1064,Operations,8,93.36,1,2,9.07,0.28,0.2,0.07,3,3,7.64,0,NONE
REC-0704,Operations,5,91.98,2,2,8.98,0.34,0.01,0.04,3,0,7.17,0,NONE
REC-1026,Engineering,10,81.48,4,1,8.94,0.45,0.09,0.12,0,0,7.18,0,NONE
REC-0606,QA,4,93.36,2,0,8.7,0.37,0.06,0.09,0,3,8.41,0,NONE
REC-0760,HR,2,63.23,7,10,9.1,0.92,0.4,0.13,1,4,4.43,1,HIGH_ABSENTEEISM
REC-0546,Finance,8,100.11,1,2,8.04,0.14,0.06,0.04,2,3,6.97,0,NONE
REC-0472,QA,12,80.89,3,2,8.38,0.56,0.12,0.05,3,0,7.23,0,NONE
REC-0021,Operations,11,93.35,2,2,8.5,0.2,0.19,0.14,0,3,8.27,0,NONE
REC-1170,Operations,10,88.37,2,2,8.21,0.46,0.15,0.01,2,0,9.24,0,NONE
REC-0204,HR,6,82.75,0,1,9.48,0.15,0.19,0.19,3,1,8.19,0,NONE
REC-0469,Finance,2,88.58,2,2,9.29,0.22,0.06,0.03,2,0,7.79,0,NONE
REC-0221,HR,11,95.5,3,1,8.43,0.27,0.1,0.49,3,14,6.57,1,EARLY_CHECKOUT
REC-0859,HR,5,97.28,1,1,9.43,0.21,0.08,0.07,3,1,8.49,0,NONE
REC-1004,HR,1,97.52,4,1,9.08,0.35,0.2,0.05,2,2,8.76,0,NONE
REC-0509,Finance,2,77.13,5,0,11.01,0.57,0.09,0.13,6,3,5.34,1,FREQUENT_LATE
REC-0959,Engineering,2,73.43,1,8,9.18,0.74,0.63,0.46,1,4,8.71,1,WEEKEND_BRIDGING
REC-0397,Operations,12,94.48,0,1,9.3,0.45,0.1,0.01,1,2,7.79,0,NONE
REC-0357,QA,2,92.13,2,0,8.89,0.21,0.08,0.13,3,3,7.33,0,NONE
REC-0874,Sales,10,100.75,3,1,8.81,0.15,0.2,0.12,3,0,9.26,0,NONE
REC-0322,Operations,2,87.99,0,3,7.97,0.2,0.01,0.52,2,11,6.33,1,EARLY_CHECKOUT
REC-0990,Operations,8,90.07,4,0,8.9,0.5,0.13,0.19,2,0,7.91,0,NONE
REC-0620,Operations,7,91.99,1,2,8.63,0.6,0.15,0.11,3,0,8.81,0,NONE
REC-0366,Marketing,11,92.33,1,2,8.55,0.4,0.17,0.07,3,2,6.97,0,NONE
REC-0060,Operations,7,78.4,1,0,8.59,0.19,0.15,0.08,1,3,8.14,0,NONE
REC-0417,Sales,12,97.43,1,1,9.07,0.39,0.04,0.12,1,3,8.08,0,NONE
REC-0826,Sales,2,84.77,3,2,9.08,0.21,0.2,0.1,2,3,8.49,0,NONE
REC-0599,Engineering,2,84.96,10,1,11.04,0.87,0.05,0.07,9,0,8.75,1,FREQUENT_LATE
REC-0621,HR,12,92.87,2,0,8.59,0.34,0.12,0.02,2,2,7.7,0,NONE
REC-0224,Sales,4,81.99,4,1,8.21,0.55,0.14,0.2,2,3,7.59,0,NONE
REC-0638,Sales,7,91.64,3,0,8.48,0.48,0.15,0.14,2,0,7.99,0,NONE
REC-1059,Engineering,10,91.85,1,2,8.73,0.31,0.2,0.02,1,0,8.44,0,NONE
REC-0159,Operations,12,83.76,3,0,7.73,0.1,0.19,0.09,0,2,8.02,0,NONE
REC-0702,QA,1,88.55,0,2,7.57,0.47,0.16,0.01,2,3,7.58,0,NONE
REC-0044,Finance,7,87.07,0,1,8.89,0.31,0.06,0.07,3,1,7.92,0,NONE
REC-0468,Operations,11,80.25,1,3,9.14,0.23,0.02,0.48,1,11,5.2,1,EARLY_CHECKOUT
REC-0286,Finance,9,83.89,3,2,8.37,0.3,0.16,0.4,2,14,4.87,1,EARLY_CHECKOUT
REC-0778,Finance,5,90.34,0,0,8.14,0.48,0.16,0.1,1,3,7.64,0,NONE
REC-1119,HR,11,87.9,2,0,8.82,0.41,0.03,0.01,0,1,8.67,0,NONE
REC-0922,Operations,10,86.65,0,3,8.71,0.66,0.46,0.6,2,3,7.25,1,WEEKEND_BRIDGING
REC-1167,Finance,4,80.74,1,0,9.14,0.35,0.19,0.08,0,1,7.4,0,NONE
REC-1089,Operations,5,91.59,0,2,8.24,0.11,0.16,0.13,3,0,7.92,0,NONE
REC-0784,HR,9,95.38,2,2,8.76,0.15,0.12,0.0,1,3,8.11,0,NONE
REC-0521,HR,7,87.18,4,1,9.09,0.56,0.13,0.04,0,3,7.02,0,NONE
REC-0918,QA,12,85.18,3,0,8.82,0.15,0.05,0.08,3,0,8.01,0,NONE
REC-0198,Sales,3,96.75,3,1,9.33,0.37,0.11,0.17,0,2,8.9,0,NONE
REC-0927,HR,5,95.13,4,2,8.9,0.26,0.16,0.02,2,3,7.48,0,NONE
REC-0630,Marketing,6,79.36,10,3,10.2,0.4,0.09,0.25,7,1,6.61,1,FREQUENT_LATE
REC-0226,Sales,10,84.23,0,7,8.41,0.71,0.76,0.5,1,3,8.06,1,WEEKEND_BRIDGING
REC-1186,Sales,2,86.04,3,4,8.61,0.49,0.71,0.63,0,2,8.19,1,WEEKEND_BRIDGING
REC-0995,QA,11,88.72,0,0,8.77,0.35,0.03,0.05,2,3,8.56,0,NONE
REC-0374,Marketing,1,96.42,4,1,8.49,0.15,0.08,0.02,0,2,8.23,0,NONE
REC-0272,Finance,11,77.46,4,12,10.11,0.4,0.3,0.25,4,2,6.01,1,HIGH_ABSENTEEISM
REC-0248,Sales,8,86.19,13,0,10.16,0.75,0.17,0.21,7,2,7.83,1,FREQUENT_LATE
REC-0827,Engineering,12,91.57,4,0,9.02,0.21,0.11,0.16,2,2,9.98,0,NONE
REC-0253,Engineering,11,94.03,0,0,9.0,0.58,0.04,0.17,1,2,7.81,0,NONE
REC-1139,Finance,1,92.18,4,2,8.27,0.39,0.09,0.0,3,1,8.66,0,NONE
REC-0838,Finance,10,82.69,4,9,8.01,0.59,0.56,0.62,2,2,6.89,1,WEEKEND_BRIDGING
REC-0486,QA,7,90.47,3,1,9.39,0.21,0.03,0.03,3,0,7.9,0,NONE
REC-0190,QA,3,86.16,2,0,9.52,0.14,0.03,0.07,1,0,8.11,0,NONE
REC-0387,Finance,8,80.91,2,2,8.09,0.42,0.09,0.08,3,0,8.43,0,NONE
REC-0694,Engineering,2,90.67,1,0,9.19,0.33,0.18,0.04,0,3,9.47,0,NONE
REC-0284,HR,10,86.68,0,2,9.4,0.27,0.13,0.07,3,2,7.0,0,NONE
REC-0257,Finance,12,93.56,1,0,7.95,0.56,0.2,0.0,0,2,8.84,0,NONE
REC-0342,Engineering,7,94.54,3,1,8.75,0.41,0.1,0.16,0,2,8.56,0,NONE
REC-1184,Sales,5,101.99,3,2,8.57,0.47,0.12,0.04,1,2,7.93,0,NONE
REC-0622,QA,3,96.71,1,1,8.8,0.55,0.12,0.01,1,1,8.31,0,NONE
REC-0485,QA,1,82.83,13,1,9.61,1.05,0.17,0.01,3,0,7.01,1,FREQUENT_LATE
REC-0117,Sales,3,96.49,2,0,9.3,0.53,0.05,0.16,3,1,7.18,0,NONE
REC-1143,Operations,12,92.78,3,0,8.02,0.39,0.15,0.04,2,1,7.78,0,NONE
REC-0629,QA,8,89.44,4,3,8.95,0.35,0.18,0.28,0,9,4.54,1,EARLY_CHECKOUT
REC-0539,Marketing,1,83.85,2,1,8.46,0.3,0.05,0.17,2,1,7.8,0,NONE
REC-0307,Marketing,2,81.45,14,0,9.7,0.7,0.21,0.11,3,3,6.99,1,FREQUENT_LATE
REC-0349,Engineering,9,86.13,0,2,8.81,0.53,0.13,0.02,2,2,7.27,0,NONE
REC-0531,HR,7,96.24,3,0,9.36,0.11,0.15,0.03,2,1,7.35,0,NONE
REC-0615,HR,1,97.24,4,1,9.73,0.53,0.14,0.1,0,2,7.95,0,NONE
REC-0036,Engineering,11,97.99,2,2,9.3,0.18,0.11,0.01,2,0,8.87,0,NONE
REC-0964,Finance,2,85.44,3,0,8.16,0.55,0.07,0.09,2,1,6.84,0,NONE
REC-0775,Sales,11,90.63,0,1,8.54,0.18,0.18,0.55,1,6,6.64,1,EARLY_CHECKOUT
REC-1137,Operations,6,90.61,0,0,9.05,0.17,0.18,0.06,3,1,8.46,0,NONE
REC-1050,Marketing,6,80.97,1,0,7.94,0.5,0.11,0.03,1,1,8.07,0,NONE
REC-0170,HR,2,82.71,4,9,9.48,0.41,0.76,0.41,2,1,8.06,1,WEEKEND_BRIDGING
REC-0788,HR,9,85.23,4,2,8.26,0.23,0.0,0.09,2,1,7.46,0,NONE
REC-0537,Sales,12,96.83,2,2,8.71,0.52,0.18,0.1,0,1,8.47,0,NONE
REC-0979,HR,3,78.15,8,3,10.59,0.84,0.11,0.19,4,3,8.35,1,FREQUENT_LATE
REC-0763,HR,2,93.73,2,2,8.65,0.5,0.2,0.19,0,1,7.88,0,NONE
REC-0740,Finance,11,94.41,8,3,10.08,1.19,0.18,0.13,3,0,6.94,1,FREQUENT_LATE
REC-0506,Marketing,1,88.81,3,1,9.29,0.44,0.01,0.12,3,3,7.58,0,NONE
REC-0888,Marketing,6,56.01,5,9,9.72,0.72,0.32,0.34,3,1,8.08,1,HIGH_ABSENTEEISM
REC-0767,QA,10,91.91,3,1,9.73,0.38,0.1,0.08,1,2,7.57,0,NONE
REC-0532,QA,3,92.06,4,0,8.83,0.38,0.1,0.06,0,0,7.89,0,NONE
REC-0701,Finance,6,90.54,1,0,8.55,0.38,0.11,0.15,2,3,8.07,0,NONE
REC-1080,Engineering,3,96.25,3,0,8.53,0.44,0.17,0.12,2,2,9.23,0,NONE
REC-0243,Operations,4,84.26,1,0,9.19,0.23,0.15,0.25,2,14,4.25,1,EARLY_CHECKOUT
REC-0363,Sales,5,65.97,7,8,7.98,0.57,0.45,0.12,2,0,6.93,1,HIGH_ABSENTEEISM
REC-0298,Operations,6,87.11,4,1,8.67,0.35,0.14,0.13,1,2,7.29,0,NONE
REC-1012,Engineering,4,85.33,3,2,9.37,0.18,0.08,0.08,3,1,9.69,0,NONE
REC-0053,Sales,5,87.01,1,2,9.52,0.53,0.06,0.16,1,3,7.26,0,NONE
REC-0549,Operations,5,89.46,4,7,8.59,0.47,0.59,0.28,1,0,7.37,1,WEEKEND_BRIDGING
REC-0735,QA,1,90.94,2,1,8.05,0.25,0.16,0.12,2,1,7.71,0,NONE
REC-0006,Finance,9,97.05,2,2,8.83,0.34,0.15,0.19,1,2,7.4,0,NONE
REC-1058,Engineering,11,88.98,3,2,9.95,0.34,0.2,0.06,2,0,8.99,0,NONE
REC-0187,QA,9,89.46,1,0,9.39,0.51,0.08,0.0,1,2,7.85,0,NONE
REC-0880,Finance,3,98.92,4,2,8.78,0.18,0.18,0.01,2,3,7.4,0,NONE
REC-0717,Marketing,5,98.31,0,0,9.99,0.21,0.18,0.2,1,3,9.2,0,NONE
REC-0747,Finance,10,89.26,2,1,8.79,0.13,0.2,0.01,2,3,7.14,0,NONE
REC-1200,Engineering,11,82.72,3,0,10.0,0.22,0.05,0.0,2,2,7.98,0,NONE
REC-0558,QA,1,90.07,2,0,7.81,0.28,0.01,0.03,1,3,8.06,0,NONE
REC-0451,HR,1,90.81,2,0,8.63,0.32,0.11,0.11,2,1,8.17,0,NONE
REC-1193,Marketing,3,85.73,4,0,9.35,0.17,0.1,0.14,2,1,7.66,0,NONE
REC-0056,QA,2,84.96,0,2,9.11,0.44,0.2,0.14,1,1,6.81,0,NONE
REC-1191,Sales,7,87.2,0,1,8.47,0.24,0.14,0.13,0,0,9.11,0,NONE
REC-1047,Operations,7,88.68,14,3,11.08,1.58,0.19,0.06,7,0,7.1,1,FREQUENT_LATE
REC-1017,Marketing,5,90.7,3,2,9.27,0.41,0.1,0.02,3,1,9.09,0,NONE
REC-0626,Engineering,7,95.61,3,1,8.03,0.35,0.19,0.12,2,1,7.94,0,NONE
REC-0677,HR,3,90.63,4,2,9.17,0.18,0.06,0.05,3,3,7.83,0,NONE
REC-0929,Finance,5,91.84,4,2,8.91,0.6,0.18,0.07,0,0,7.23,0,NONE
REC-1067,Finance,4,86.1,4,2,9.72,0.57,0.08,0.06,0,0,7.98,0,NONE
REC-0502,Marketing,3,91.47,4,2,9.06,0.15,0.14,0.03,2,3,7.04,0,NONE
REC-0255,QA,7,86.29,12,2,10.56,0.48,0.11,0.12,5,3,7.17,1,FREQUENT_LATE
REC-0059,HR,1,76.06,6,2,9.13,0.94,0.02,0.23,6,2,7.65,1,FREQUENT_LATE
REC-0850,HR,9,98.38,1,0,8.5,0.54,0.15,0.06,2,1,9.37,0,NONE
REC-0291,QA,3,72.78,13,3,10.24,1.3,0.05,0.19,3,0,7.39,1,FREQUENT_LATE
REC-1148,HR,11,91.79,0,0,9.57,0.41,0.09,0.1,3,2,7.47,0,NONE
REC-0667,Engineering,12,85.59,0,1,8.64,0.12,0.02,0.05,3,0,8.72,0,NONE
REC-0166,QA,11,88.72,1,2,8.95,0.41,0.13,0.11,0,0,9.59,0,NONE
REC-0653,Marketing,8,85.57,2,2,9.76,0.12,0.2,0.19,1,0,8.12,0,NONE
REC-0326,HR,8,93.83,4,1,9.11,0.57,0.17,0.0,0,2,7.18,0,NONE
REC-0608,QA,5,85.13,1,2,9.4,0.22,0.18,0.07,1,1,8.37,0,NONE
REC-0324,HR,9,89.68,3,2,9.06,0.53,0.04,0.09,0,2,8.65,0,NONE
REC-0661,Operations,9,68.33,2,7,8.49,0.59,0.44,0.11,1,3,6.69,1,HIGH_ABSENTEEISM
REC-1160,Finance,11,92.0,4,1,9.43,0.14,0.07,0.14,0,3,8.43,0,NONE
REC-1078,Finance,9,87.72,3,2,8.62,0.35,0.15,0.11,3,2,7.91,0,NONE
REC-0871,Engineering,1,85.63,1,1,8.81,0.13,0.01,0.19,1,0,8.03,0,NONE
REC-1042,HR,8,97.5,3,0,8.27,0.37,0.19,0.12,2,0,8.99,0,NONE
REC-1138,Finance,11,86.43,0,2,8.24,0.51,0.06,0.06,1,3,8.03,0,NONE
REC-0368,Finance,4,85.59,0,2,8.42,0.47,0.07,0.04,3,0,8.34,0,NONE
REC-0040,QA,12,84.8,1,1,8.84,0.29,0.15,0.19,3,2,8.15,0,NONE
REC-0736,Finance,10,84.04,2,2,8.86,0.46,0.19,0.08,1,2,8.03,0,NONE
REC-0200,QA,6,89.29,2,1,8.81,0.3,0.03,0.1,3,0,9.32,0,NONE
REC-0395,Sales,5,94.63,8,3,10.61,0.41,0.15,0.07,8,1,6.33,1,FREQUENT_LATE
REC-0405,QA,4,87.47,2,2,8.75,0.48,0.12,0.07,1,3,7.03,0,NONE
REC-1095,QA,11,74.74,9,3,8.91,1.07,0.01,0.18,9,1,6.39,1,FREQUENT_LATE
REC-0467,QA,9,55.93,4,14,9.74,0.71,0.1,0.25,0,0,6.83,1,HIGH_ABSENTEEISM
REC-0641,QA,5,95.12,0,1,7.86,0.14,0.19,0.13,0,3,8.71,0,NONE
REC-0015,HR,2,86.89,3,0,8.62,0.36,0.05,0.04,1,3,8.39,0,NONE
REC-0421,QA,8,97.56,1,1,8.57,0.43,0.1,0.03,3,2,7.46,0,NONE
REC-0361,Marketing,1,72.1,6,7,9.03,0.62,0.4,0.14,1,1,5.42,1,HIGH_ABSENTEEISM
REC-1189,Sales,10,94.1,4,0,9.78,0.44,0.02,0.18,0,0,7.97,0,NONE
REC-0126,Operations,2,85.44,0,2,8.34,0.18,0.2,0.19,0,3,8.88,0,NONE
REC-0488,Finance,4,82.33,1,8,8.66,0.4,0.62,0.73,3,2,8.35,1,WEEKEND_BRIDGING
REC-0917,Finance,5,75.59,2,7,10.8,0.81,0.15,0.34,4,2,7.94,1,HIGH_ABSENTEEISM
REC-0390,HR,10,87.4,0,1,8.77,0.54,0.02,0.1,3,3,7.37,0,NONE
REC-0544,Marketing,7,94.36,3,2,9.51,0.47,0.19,0.18,1,2,7.47,0,NONE
REC-0007,Finance,8,83.49,3,1,7.81,0.16,0.18,0.33,3,14,4.92,1,EARLY_CHECKOUT
REC-0527,HR,12,78.06,5,3,11.29,1.26,0.19,0.1,4,2,6.43,1,FREQUENT_LATE
REC-0510,Sales,5,62.86,7,10,9.21,1.07,0.23,0.22,1,3,6.45,1,HIGH_ABSENTEEISM
REC-0287,Finance,3,95.3,1,2,8.09,0.16,0.0,0.12,1,3,7.84,0,NONE
REC-0658,Operations,9,89.73,3,1,8.7,0.39,0.0,0.18,1,3,8.75,0,NONE
REC-1024,Sales,3,89.06,4,0,9.09,0.3,0.09,0.02,2,3,8.32,0,NONE
REC-0471,HR,1,83.77,1,0,8.14,0.3,0.14,0.13,0,3,8.21,0,NONE
REC-1178,Operations,6,92.45,1,2,8.46,0.28,0.12,0.1,0,0,7.36,0,NONE
REC-0805,Marketing,9,85.05,2,2,9.32,0.11,0.15,0.11,2,2,8.11,0,NONE
REC-0114,Engineering,6,89.45,0,2,8.7,0.58,0.09,0.2,3,2,8.91,0,NONE
REC-1065,QA,6,96.94,2,0,9.22,0.57,0.03,0.16,0,2,9.17,0,NONE
REC-0718,Finance,5,90.09,0,1,9.14,0.26,0.04,0.05,2,2,8.61,0,NONE
REC-1025,Marketing,7,85.83,2,0,9.24,0.26,0.03,0.11,1,0,8.75,0,NONE
REC-0011,Operations,7,97.51,2,0,8.51,0.42,0.16,0.08,3,3,8.72,0,NONE
REC-0046,Operations,4,91.96,3,0,8.84,0.29,0.18,0.0,0,1,7.31,0,NONE
REC-0174,Marketing,12,87.58,1,2,8.43,0.58,0.06,0.19,1,3,8.01,0,NONE
REC-1153,Marketing,8,82.63,2,2,9.04,0.57,0.07,0.06,1,1,9.1,0,NONE
REC-0801,Operations,6,98.11,0,0,8.99,0.32,0.18,0.12,0,3,8.62,0,NONE
REC-1155,Marketing,3,89.38,1,1,8.5,0.31,0.07,0.19,3,0,9.32,0,NONE
REC-0808,Engineering,11,92.22,2,1,9.06,0.32,0.06,0.16,0,0,8.81,0,NONE
REC-0984,Engineering,7,83.66,2,1,8.37,0.28,0.03,0.07,3,1,8.67,0,NONE
REC-0720,Marketing,12,93.94,4,0,7.99,0.51,0.0,0.15,0,3,7.71,0,NONE
REC-1032,Marketing,1,81.96,3,6,8.47,0.87,0.76,0.52,0,0,8.0,1,WEEKEND_BRIDGING
REC-0789,Finance,12,94.48,2,2,8.45,0.47,0.2,0.05,0,1,8.62,0,NONE
REC-0800,Operations,5,87.77,2,1,8.72,0.46,0.18,0.17,1,3,7.54,0,NONE
REC-0341,QA,5,95.47,3,1,9.51,0.37,0.0,0.01,0,3,8.22,0,NONE
REC-0375,Marketing,11,91.32,0,0,8.58,0.39,0.05,0.0,2,0,7.76,0,NONE
REC-0281,Engineering,4,83.96,1,5,8.56,0.25,0.56,0.29,1,0,7.96,1,WEEKEND_BRIDGING
REC-0559,QA,10,88.2,2,2,9.03,0.17,0.11,0.11,2,3,8.77,0,NONE
REC-1146,QA,12,95.62,1,0,9.12,0.45,0.19,0.13,3,0,8.33,0,NONE
REC-0768,Marketing,4,92.03,2,2,8.66,0.11,0.15,0.19,3,2,8.75,0,NONE
REC-0400,Sales,11,88.79,3,0,9.2,0.54,0.19,0.19,2,2,7.22,0,NONE
REC-0517,HR,3,95.35,0,1,9.05,0.15,0.17,0.02,2,2,6.48,0,NONE
REC-1000,Sales,1,91.77,4,1,9.67,0.22,0.19,0.07,1,3,8.67,0,NONE
REC-0260,Operations,9,93.98,0,0,8.29,0.58,0.08,0.01,0,3,7.55,0,NONE
REC-0839,QA,12,70.18,6,10,9.25,0.21,0.25,0.32,4,2,7.46,1,HIGH_ABSENTEEISM
REC-0125,Finance,11,81.86,13,2,10.61,1.23,0.17,0.2,6,3,7.73,1,FREQUENT_LATE
REC-0318,HR,8,93.22,3,1,9.23,0.52,0.14,0.09,2,3,8.44,0,NONE
REC-1113,Engineering,3,90.45,3,0,8.89,0.23,0.13,0.15,3,0,7.51,0,NONE
REC-0616,HR,1,82.37,1,1,8.29,0.29,0.01,0.28,2,8,7.25,1,EARLY_CHECKOUT
REC-0213,Marketing,5,79.88,4,1,9.18,0.24,0.03,0.11,2,3,8.54,0,NONE
REC-0553,HR,12,88.15,4,0,9.11,0.58,0.18,0.12,0,1,8.99,0,NONE
REC-0572,Sales,5,86.27,2,0,8.53,0.37,0.05,0.28,1,17,7.1,1,EARLY_CHECKOUT
REC-0229,HR,6,90.63,1,2,9.43,0.45,0.0,0.06,3,2,7.27,0,NONE
REC-0897,Operations,12,101.01,4,1,8.89,0.5,0.02,0.17,1,1,9.56,0,NONE
REC-1084,Engineering,5,97.85,1,0,8.97,0.35,0.01,0.07,0,2,7.84,0,NONE
REC-1168,Marketing,3,87.6,1,2,9.51,0.36,0.18,0.07,3,3,7.98,0,NONE
REC-0262,Sales,9,74.35,14,0,10.3,1.02,0.0,0.12,3,2,7.67,1,FREQUENT_LATE
REC-0050,HR,10,59.23,4,9,7.77,0.62,0.31,0.18,1,5,8.41,1,HIGH_ABSENTEEISM
REC-0033,Engineering,5,88.04,3,2,8.49,0.54,0.06,0.11,3,0,6.78,0,NONE
REC-0078,Engineering,1,91.58,2,0,9.31,0.17,0.1,0.18,0,0,9.07,0,NONE
REC-0035,Engineering,11,96.0,3,2,9.06,0.54,0.2,0.08,1,2,9.33,0,NONE
REC-0992,HR,7,82.76,1,1,8.7,0.41,0.14,0.11,2,0,7.03,0,NONE
REC-0192,Operations,2,91.57,6,2,10.54,1.24,0.12,0.11,7,2,6.65,1,FREQUENT_LATE
REC-0905,Engineering,8,97.85,3,2,8.1,0.16,0.04,0.18,0,0,8.2,0,NONE
REC-0900,Engineering,5,91.97,1,1,9.5,0.54,0.05,0.07,1,1,10.04,0,NONE
REC-0640,Sales,2,83.13,4,0,8.94,0.27,0.12,0.16,0,1,8.34,0,NONE
REC-0846,Finance,12,101.89,3,2,8.24,0.6,0.19,0.15,0,2,7.24,0,NONE
REC-0422,Finance,10,96.02,3,2,8.74,0.55,0.11,0.18,0,2,8.33,0,NONE
REC-0842,Operations,8,84.9,0,0,9.59,0.16,0.17,0.0,0,0,8.11,0,NONE
REC-0294,HR,1,86.75,9,1,10.36,0.6,0.2,0.06,8,2,5.99,1,FREQUENT_LATE
REC-0723,Marketing,1,86.02,1,2,8.98,0.52,0.16,0.0,2,2,7.65,0,NONE
REC-1077,QA,6,97.77,3,0,9.18,0.48,0.12,0.08,2,2,7.27,0,NONE
REC-0534,Operations,7,90.62,10,0,11.01,1.01,0.08,0.13,5,2,7.05,1,FREQUENT_LATE
REC-0807,Operations,9,84.4,2,0,8.82,0.45,0.05,0.38,1,7,3.98,1,EARLY_CHECKOUT
REC-0414,QA,1,93.37,1,1,9.44,0.2,0.06,0.13,2,2,7.92,0,NONE
REC-0264,Marketing,12,86.39,2,2,8.14,0.57,0.1,0.18,0,1,8.38,0,NONE
REC-0199,Marketing,3,94.04,0,2,9.22,0.25,0.05,0.08,0,1,7.01,0,NONE
REC-0448,Marketing,2,65.05,5,13,9.44,1.09,0.43,0.17,4,5,5.05,1,HIGH_ABSENTEEISM
REC-0682,Finance,12,69.8,6,11,10.34,1.1,0.25,0.31,4,2,5.94,1,HIGH_ABSENTEEISM
REC-0974,Sales,6,94.94,3,1,8.4,0.43,0.13,0.19,0,2,8.0,0,NONE
REC-1142,Sales,12,89.88,1,0,8.8,0.47,0.15,0.14,2,2,8.55,0,NONE
REC-0733,HR,3,99.64,0,0,9.16,0.15,0.15,0.08,1,2,9.44,0,NONE
REC-0411,Finance,11,91.37,3,1,8.3,0.38,0.17,0.21,3,8,6.28,1,EARLY_CHECKOUT
REC-0809,Marketing,7,96.25,2,0,8.54,0.59,0.17,0.01,3,2,8.78,0,NONE
REC-0409,QA,1,91.8,3,2,9.29,0.26,0.1,0.11,1,1,7.32,0,NONE
REC-0956,QA,5,80.36,2,6,8.86,0.48,0.31,0.31,0,0,7.12,1,WEEKEND_BRIDGING
REC-0475,Engineering,5,89.35,1,0,8.15,0.59,0.05,0.12,0,2,7.9,0,NONE
REC-1072,Sales,7,87.52,3,1,8.15,0.39,0.03,0.13,1,1,9.45,0,NONE
REC-0852,Sales,7,95.71,0,2,9.28,0.18,0.08,0.13,0,1,8.84,0,NONE
REC-0858,Sales,7,92.76,12,1,8.94,1.53,0.1,0.14,9,3,6.72,1,FREQUENT_LATE
REC-1175,Sales,4,96.95,2,0,8.6,0.32,0.12,0.17,2,2,8.57,0,NONE
REC-0496,Engineering,11,97.71,1,1,8.22,0.46,0.02,0.06,3,2,7.55,0,NONE
REC-1073,Finance,12,85.03,4,1,8.02,0.44,0.11,0.06,1,0,9.7,0,NONE
REC-0399,Operations,8,93.94,2,1,9.09,0.19,0.17,0.1,3,3,7.45,0,NONE
REC-1117,Engineering,6,92.86,4,2,8.66,0.24,0.15,0.13,1,2,8.38,0,NONE
REC-0350,Operations,2,84.89,3,2,8.66,0.33,0.11,0.15,1,2,7.76,0,NONE
REC-0107,Operations,12,81.84,3,0,9.33,0.47,0.17,0.16,0,0,6.58,0,NONE
REC-0309,HR,12,96.12,12,2,10.04,1.18,0.1,0.11,8,2,6.22,1,FREQUENT_LATE
REC-1055,Engineering,9,81.89,2,0,9.17,0.18,0.12,0.03,3,2,8.94,0,NONE
REC-0434,Engineering,3,82.18,12,3,8.86,1.31,0.17,0.05,5,2,6.55,1,FREQUENT_LATE
REC-0450,QA,3,94.1,3,1,8.98,0.15,0.01,0.0,3,2,7.8,0,NONE
REC-0194,HR,2,91.17,1,2,9.94,0.58,0.09,0.12,0,0,7.96,0,NONE
REC-0087,QA,4,57.29,2,8,10.4,1.08,0.32,0.1,1,0,6.3,1,HIGH_ABSENTEEISM
REC-0924,Sales,12,85.44,2,0,8.95,0.34,0.11,0.01,3,2,8.86,0,NONE
REC-0686,Sales,4,78.05,0,9,8.36,0.68,0.71,0.64,1,2,7.62,1,WEEKEND_BRIDGING
REC-0182,QA,7,95.26,1,2,9.03,0.47,0.17,0.06,3,3,7.38,0,NONE
REC-0231,QA,8,89.45,0,1,8.26,0.21,0.01,0.3,1,8,6.13,1,EARLY_CHECKOUT
REC-0656,QA,2,87.76,2,1,9.27,0.52,0.07,0.03,1,3,8.17,0,NONE
REC-0418,Finance,4,86.99,2,1,9.96,0.21,0.19,0.17,0,2,8.22,0,NONE
REC-0301,Finance,7,81.05,4,0,9.08,0.36,0.08,0.16,3,2,8.71,0,NONE
REC-0461,Operations,10,75.81,5,8,8.96,0.83,0.2,0.24,0,0,6.39,1,HIGH_ABSENTEEISM
REC-0550,Marketing,6,82.76,3,0,8.92,0.2,0.17,0.05,2,0,6.5,0,NONE
REC-0889,Marketing,1,88.36,1,1,8.54,0.14,0.19,0.06,2,2,7.67,0,NONE
REC-0575,Marketing,7,97.14,4,0,8.09,0.33,0.1,0.15,3,1,7.54,0,NONE
REC-0464,QA,5,94.44,3,1,9.37,0.36,0.04,0.05,1,1,8.46,0,NONE
REC-0173,Operations,6,90.51,4,1,9.05,0.28,0.1,0.02,0,0,8.4,0,NONE
REC-0785,QA,1,88.69,0,2,9.15,0.42,0.2,0.17,1,1,6.6,0,NONE
REC-0002,HR,11,94.0,3,0,9.0,0.5,0.1,0.09,0,2,7.59,0,NONE
REC-0580,Marketing,11,85.57,4,3,8.47,0.7,0.77,0.62,3,2,7.2,1,WEEKEND_BRIDGING
REC-1179,Sales,10,97.17,4,2,8.43,0.53,0.07,0.03,1,2,10.05,0,NONE
REC-0234,Finance,7,99.17,3,0,9.09,0.34,0.18,0.01,2,1,8.39,0,NONE
REC-0940,QA,1,84.58,1,8,8.29,0.89,0.37,0.35,2,4,7.2,1,WEEKEND_BRIDGING
REC-0904,Finance,7,76.81,1,6,9.45,0.38,0.67,0.73,3,3,7.84,1,WEEKEND_BRIDGING
REC-0684,Sales,1,95.76,1,0,8.56,0.39,0.04,0.08,3,0,9.19,0,NONE
REC-0957,Marketing,12,90.0,2,2,9.31,0.25,0.13,0.17,1,0,8.71,0,NONE
REC-0163,HR,11,84.43,3,1,9.02,0.45,0.13,0.19,1,3,7.7,0,NONE
REC-0072,Sales,10,60.38,6,12,9.39,0.78,0.12,0.2,1,4,4.11,1,HIGH_ABSENTEEISM
REC-0581,Engineering,8,86.98,0,1,8.98,0.26,0.14,0.04,0,2,9.0,0,NONE
REC-0108,Finance,6,86.65,4,6,9.51,0.5,0.39,0.68,0,4,8.43,1,WEEKEND_BRIDGING
REC-0542,Sales,5,83.84,4,2,7.86,0.57,0.19,0.05,2,3,8.86,0,NONE
REC-0520,Finance,12,88.12,0,2,8.77,0.41,0.07,0.03,3,3,8.11,0,NONE
REC-0477,Finance,1,93.61,0,0,8.7,0.4,0.13,0.04,3,2,7.52,0,NONE
REC-1154,Operations,8,92.79,1,0,9.03,0.58,0.19,0.01,3,1,8.93,0,NONE
REC-0529,Engineering,1,85.43,1,1,9.42,0.16,0.05,0.12,2,3,6.61,0,NONE
REC-0845,Sales,5,73.57,3,8,9.06,0.52,0.51,0.45,0,3,6.51,1,WEEKEND_BRIDGING
REC-0530,HR,7,91.51,3,2,9.2,0.13,0.08,0.1,1,1,9.58,0,NONE
REC-1124,Marketing,6,82.21,4,2,8.49,0.5,0.04,0.07,3,1,7.19,0,NONE
REC-0263,Operations,3,82.9,1,0,8.88,0.32,0.03,0.02,0,2,8.88,0,NONE
REC-0816,Sales,4,84.06,4,3,11.08,1.14,0.12,0.22,8,3,5.8,1,FREQUENT_LATE
REC-0425,Marketing,11,100.37,1,2,8.89,0.56,0.19,0.18,2,2,9.4,0,NONE
REC-0503,QA,8,86.76,2,1,8.76,0.24,0.15,0.0,3,3,8.73,0,NONE
REC-0139,Engineering,12,98.77,4,1,8.47,0.37,0.05,0.04,2,0,8.22,0,NONE
REC-0636,QA,9,94.44,10,3,10.01,0.75,0.1,0.19,7,3,6.83,1,FREQUENT_LATE
REC-0977,Finance,4,85.47,0,0,8.61,0.15,0.11,0.05,0,1,8.76,0,NONE
REC-1134,Sales,10,99.63,3,1,8.91,0.47,0.08,0.14,0,3,6.9,0,NONE
REC-1083,QA,4,91.88,4,2,8.19,0.5,0.03,0.09,0,0,8.29,0,NONE
REC-0251,Sales,7,95.12,4,0,9.03,0.24,0.06,0.04,1,1,9.27,0,NONE
REC-0831,Sales,5,65.8,7,12,8.75,0.68,0.2,0.33,0,2,5.33,1,HIGH_ABSENTEEISM
REC-0645,Operations,3,93.63,4,2,9.09,0.17,0.07,0.06,3,1,7.67,0,NONE
REC-0557,Sales,12,95.31,4,0,8.81,0.4,0.15,0.14,0,2,7.97,0,NONE
REC-0001,Engineering,11,77.71,4,2,8.66,0.22,0.07,0.28,2,14,5.56,1,EARLY_CHECKOUT
REC-1068,Finance,11,95.07,3,0,9.25,0.38,0.06,0.0,3,1,9.23,0,NONE
REC-0781,Engineering,10,91.84,11,0,9.05,0.87,0.11,0.17,5,1,7.96,1,FREQUENT_LATE
REC-0049,HR,7,97.66,2,1,8.4,0.38,0.02,0.19,2,3,9.8,0,NONE
REC-0696,Sales,9,72.62,7,11,10.21,0.25,0.15,0.27,2,4,5.25,1,HIGH_ABSENTEEISM
REC-0454,Marketing,11,92.75,4,2,9.36,0.41,0.09,0.16,3,0,8.45,0,NONE
REC-0991,Operations,8,83.6,0,2,8.8,0.21,0.04,0.11,3,3,8.55,0,NONE
REC-0303,Engineering,9,96.74,2,2,8.44,0.47,0.1,0.26,3,14,6.31,1,EARLY_CHECKOUT
REC-0484,Operations,6,89.53,4,2,8.02,0.29,0.13,0.01,1,0,7.83,0,NONE
REC-0985,Marketing,12,96.68,2,1,8.86,0.26,0.07,0.03,0,3,8.01,0,NONE
REC-0602,Sales,5,89.95,1,1,8.51,0.25,0.12,0.01,0,3,8.59,0,NONE
REC-1157,Finance,2,98.01,0,0,7.74,0.51,0.11,0.17,3,0,8.35,0,NONE
REC-0753,Marketing,9,90.28,3,2,8.49,0.41,0.13,0.25,2,9,6.25,1,EARLY_CHECKOUT
REC-0312,HR,5,85.14,0,2,7.84,0.55,0.15,0.05,0,2,9.24,0,NONE
REC-1144,Sales,5,88.21,3,1,7.94,0.38,0.04,0.0,0,1,9.29,0,NONE
REC-0275,Sales,2,77.3,9,3,10.51,0.97,0.14,0.08,3,0,7.68,1,FREQUENT_LATE
REC-0188,Sales,8,83.73,0,2,8.99,0.49,0.08,0.18,1,2,6.38,0,NONE
REC-0836,QA,6,77.51,4,9,8.84,0.88,0.33,0.33,1,2,6.13,1,HIGH_ABSENTEEISM
REC-0168,QA,4,86.34,2,0,9.5,0.31,0.18,0.08,3,1,9.41,0,NONE
REC-0935,QA,8,86.25,0,2,8.31,0.26,0.12,0.08,2,1,8.76,0,NONE
REC-0473,Engineering,5,83.18,2,2,9.47,0.39,0.04,0.14,0,2,7.2,0,NONE
REC-1118,QA,5,95.6,3,1,8.93,0.34,0.16,0.17,2,3,7.48,0,NONE
REC-0027,Operations,8,96.3,0,0,9.3,0.29,0.13,0.05,0,1,7.63,0,NONE
REC-0490,HR,8,84.95,4,3,8.68,0.53,0.37,0.67,3,0,7.87,1,WEEKEND_BRIDGING
REC-0508,Marketing,4,87.29,3,2,8.85,0.53,0.15,0.12,1,2,9.27,0,NONE
REC-0346,Finance,3,81.82,10,1,8.6,1.47,0.21,0.12,7,2,7.6,1,FREQUENT_LATE
REC-0619,HR,6,93.91,2,1,9.49,0.6,0.02,0.17,1,1,7.28,0,NONE
REC-1199,HR,1,93.54,3,2,8.1,0.11,0.06,0.06,2,0,8.03,0,NONE
REC-0460,QA,1,79.07,3,1,9.14,0.59,0.06,0.03,1,0,9.09,0,NONE
REC-0030,Sales,7,83.5,4,0,8.45,0.49,0.04,0.17,0,1,7.66,0,NONE
REC-0217,HR,8,96.88,2,1,8.16,0.26,0.14,0.45,1,6,5.62,1,EARLY_CHECKOUT
REC-0487,QA,7,86.5,2,1,8.86,0.25,0.14,0.16,0,0,8.17,0,NONE
REC-0109,QA,8,90.85,3,2,9.07,0.44,0.03,0.19,2,1,9.31,0,NONE
REC-0766,Operations,8,92.05,3,0,8.62,0.2,0.09,0.11,3,2,8.82,0,NONE
REC-0498,HR,11,91.81,2,2,8.72,0.34,0.07,0.1,0,2,7.54,0,NONE
REC-1090,Operations,9,92.78,0,2,8.85,0.32,0.17,0.11,1,0,9.25,0,NONE
REC-0639,Engineering,9,91.69,0,3,8.62,0.23,0.02,0.41,3,11,5.77,1,EARLY_CHECKOUT
REC-0963,Marketing,1,93.01,1,0,8.84,0.38,0.19,0.05,3,3,7.85,0,NONE
REC-0054,QA,11,46.82,7,6,9.31,0.34,0.24,0.25,3,5,7.43,1,HIGH_ABSENTEEISM
REC-0466,HR,11,97.63,1,0,9.15,0.49,0.17,0.01,2,1,7.53,0,NONE
REC-1111,Marketing,2,83.14,9,1,10.33,0.49,0.0,0.19,6,2,7.44,1,FREQUENT_LATE
REC-1003,Engineering,7,92.45,3,2,9.08,0.39,0.17,0.19,3,1,8.61,0,NONE
REC-0861,Finance,4,67.04,7,9,8.75,0.74,0.2,0.29,0,0,5.31,1,HIGH_ABSENTEEISM
REC-0707,Sales,8,86.96,2,2,8.9,0.26,0.09,0.15,1,1,8.15,0,NONE
REC-0777,Operations,4,93.88,4,2,8.64,0.59,0.05,0.01,3,1,8.83,0,NONE
REC-0878,Operations,11,81.43,4,0,8.89,0.47,0.12,0.13,3,0,7.18,0,NONE
REC-0356,Engineering,5,88.63,14,2,8.86,0.53,0.18,0.0,7,2,7.64,1,FREQUENT_LATE
REC-0819,Sales,4,86.39,3,0,8.86,0.28,0.18,0.11,3,0,7.82,0,NONE
REC-0968,Marketing,8,85.93,2,2,8.74,0.31,0.19,0.13,1,3,8.26,0,NONE
REC-0887,Engineering,6,94.3,4,0,8.55,0.41,0.18,0.16,3,2,7.16,0,NONE
REC-0868,Marketing,2,88.76,4,1,8.68,0.26,0.13,0.12,3,2,8.12,0,NONE
REC-1106,HR,4,89.33,0,1,9.18,0.34,0.04,0.04,3,2,7.89,0,NONE
REC-0828,Sales,12,89.0,2,0,8.88,0.4,0.14,0.16,2,2,7.47,0,NONE
REC-0988,Engineering,10,94.43,3,2,8.73,0.11,0.01,0.04,1,1,7.38,0,NONE
REC-0863,QA,9,97.91,2,2,8.79,0.46,0.01,0.14,3,2,8.2,0,NONE
REC-0045,Operations,6,86.87,2,0,8.48,0.34,0.02,0.1,3,2,7.61,0,NONE
REC-0951,QA,8,80.76,4,2,8.59,0.59,0.06,0.03,3,3,7.81,0,NONE
REC-0292,QA,5,95.2,2,1,8.13,0.28,0.18,0.17,1,2,6.47,0,NONE
REC-0894,Operations,3,87.17,2,1,8.29,0.15,0.18,0.05,1,3,8.31,0,NONE
REC-1098,Marketing,7,67.9,7,11,9.42,0.6,0.39,0.24,4,2,6.5,1,HIGH_ABSENTEEISM
REC-1085,QA,2,88.29,0,9,9.36,0.29,0.37,0.38,2,2,6.29,1,WEEKEND_BRIDGING
REC-0491,Engineering,2,89.37,3,0,8.82,0.17,0.1,0.18,0,1,9.0,0,NONE
REC-0745,Engineering,1,92.44,1,1,8.58,0.38,0.09,0.14,2,2,7.18,0,NONE
REC-0754,Operations,4,91.5,3,2,8.22,0.56,0.16,0.13,0,1,7.99,0,NONE
REC-0041,QA,4,80.43,9,3,10.53,1.37,0.24,0.09,3,0,5.97,1,FREQUENT_LATE
REC-0145,Marketing,2,89.47,11,2,10.66,0.63,0.16,0.22,3,2,6.19,1,FREQUENT_LATE
REC-1006,Operations,2,82.33,1,2,9.21,0.3,0.18,0.11,3,2,7.1,0,NONE
REC-0511,HR,11,83.03,0,0,9.24,0.43,0.02,0.19,0,1,6.95,0,NONE
REC-0643,Operations,1,99.11,4,2,9.55,0.2,0.02,0.15,1,2,9.4,0,NONE
REC-0061,Sales,5,91.92,11,0,8.94,1.48,0.23,0.25,7,2,7.26,1,FREQUENT_LATE
REC-0565,Operations,5,91.91,1,0,9.23,0.17,0.12,0.09,2,0,7.03,0,NONE
REC-0594,QA,3,81.16,4,3,9.75,1.16,0.09,0.04,9,0,6.8,1,FREQUENT_LATE
REC-0560,Engineering,7,88.27,3,1,8.96,0.12,0.04,0.08,3,2,8.03,0,NONE
REC-0647,Engineering,8,87.11,8,0,9.71,1.59,0.01,0.11,9,0,6.69,1,FREQUENT_LATE
REC-0266,Marketing,10,82.35,3,1,8.94,0.33,0.03,0.06,1,3,7.99,0,NONE
REC-0513,QA,8,56.37,6,7,9.37,0.61,0.28,0.35,4,5,5.36,1,HIGH_ABSENTEEISM
REC-0627,Sales,11,91.93,3,0,8.07,0.3,0.01,0.18,3,1,8.49,0,NONE
REC-0354,Operations,10,77.96,12,0,10.95,0.9,0.14,0.12,6,2,7.28,1,FREQUENT_LATE
REC-0955,Engineering,1,77.73,2,3,9.63,0.21,0.13,0.24,1,17,5.87,1,EARLY_CHECKOUT
REC-0673,Operations,5,86.1,3,1,8.71,0.3,0.02,0.09,0,0,6.5,0,NONE
REC-0554,HR,5,88.35,4,1,9.03,0.29,0.01,0.26,2,17,5.24,1,EARLY_CHECKOUT
REC-0156,Sales,12,97.63,1,2,8.56,0.3,0.17,0.13,3,3,7.97,0,NONE
REC-0711,HR,12,84.98,1,2,8.45,0.3,0.05,0.08,0,0,7.95,0,NONE
REC-0075,HR,9,86.58,2,0,8.84,0.14,0.19,0.17,1,0,8.67,0,NONE
REC-0651,Marketing,3,99.33,3,0,8.33,0.51,0.19,0.12,0,0,8.2,0,NONE
REC-0798,Sales,5,92.53,0,0,9.21,0.27,0.09,0.16,0,2,8.16,0,NONE
REC-0105,Sales,5,84.45,1,1,9.27,0.49,0.14,0.03,0,1,7.6,0,NONE
REC-0857,Finance,10,85.58,0,1,9.1,0.49,0.19,0.1,2,3,8.05,0,NONE
REC-1060,Sales,2,78.08,13,1,10.55,1.23,0.12,0.1,7,3,7.78,1,FREQUENT_LATE
REC-0252,Marketing,5,87.41,2,2,8.22,0.23,0.04,0.2,3,12,5.31,1,EARLY_CHECKOUT
REC-0708,Finance,7,95.54,0,1,9.0,0.5,0.18,0.18,3,0,8.64,0,NONE
REC-0632,HR,6,84.33,2,1,8.01,0.46,0.03,0.12,0,3,8.57,0,NONE
REC-0420,Engineering,1,84.65,2,1,9.39,0.44,0.09,0.01,2,2,8.26,0,NONE
REC-0794,Finance,9,88.32,3,0,8.78,0.13,0.15,0.01,0,3,8.36,0,NONE
REC-1008,Sales,1,88.35,2,0,9.03,0.23,0.03,0.01,2,2,7.55,0,NONE
REC-0104,Engineering,8,99.01,0,2,8.89,0.47,0.16,0.01,2,0,8.49,0,NONE
REC-0380,HR,7,91.5,3,1,9.1,0.57,0.06,0.08,2,1,9.25,0,NONE
REC-0589,Operations,11,77.24,3,8,8.98,0.28,0.78,0.63,1,0,8.32,1,WEEKEND_BRIDGING
REC-0690,HR,7,88.15,0,0,8.4,0.42,0.1,0.11,1,2,7.98,0,NONE
REC-0973,Finance,5,87.03,1,7,8.7,0.28,0.4,0.43,1,4,7.52,1,WEEKEND_BRIDGING
REC-0067,Engineering,3,61.32,2,9,9.87,1.03,0.44,0.15,0,5,7.17,1,HIGH_ABSENTEEISM
REC-0381,QA,5,83.04,1,0,8.71,0.38,0.15,0.16,1,2,8.05,0,NONE
REC-0568,Sales,11,86.42,0,1,8.85,0.32,0.04,0.09,2,0,8.08,0,NONE
REC-0628,Marketing,1,74.98,4,8,8.63,0.8,0.27,0.31,4,1,5.7,1,HIGH_ABSENTEEISM
REC-1147,QA,12,82.76,4,0,10.63,0.54,0.06,0.09,4,0,7.44,1,FREQUENT_LATE
REC-0830,Marketing,3,93.7,0,1,8.62,0.4,0.11,0.17,2,2,7.62,0,NONE
REC-0140,Operations,4,84.63,5,1,10.64,0.56,0.24,0.23,9,1,7.29,1,FREQUENT_LATE
REC-0772,QA,6,81.07,4,0,8.22,0.59,0.06,0.18,1,0,8.13,0,NONE
REC-1019,QA,6,87.7,1,1,8.49,0.15,0.04,0.16,0,0,9.14,0,NONE
REC-1158,Operations,7,93.4,3,2,9.33,0.42,0.18,0.04,1,2,8.56,0,NONE
REC-0902,HR,6,94.91,5,3,10.21,1.11,0.17,0.14,3,3,5.74,1,FREQUENT_LATE
REC-0612,Operations,11,95.55,3,2,8.68,0.45,0.11,0.12,1,3,9.28,0,NONE
REC-0962,Operations,12,86.06,3,9,9.38,0.28,0.65,0.41,2,4,7.78,1,WEEKEND_BRIDGING
REC-0334,Operations,1,91.32,11,3,10.4,0.89,0.09,0.2,7,2,9.39,1,FREQUENT_LATE
REC-1132,QA,8,85.59,3,1,8.22,0.36,0.06,0.03,1,2,8.9,0,NONE
REC-0319,Marketing,4,92.85,2,1,8.2,0.23,0.15,0.06,2,1,7.12,0,NONE
REC-0899,Finance,4,86.15,4,1,7.92,0.24,0.05,0.04,2,1,8.72,0,NONE
REC-0402,Marketing,6,88.37,4,2,8.46,0.24,0.04,0.12,2,3,9.63,0,NONE
REC-0437,Marketing,9,92.15,2,2,8.45,0.22,0.15,0.23,0,14,5.37,1,EARLY_CHECKOUT
REC-0047,Finance,1,82.05,1,1,8.4,0.41,0.16,0.15,0,0,8.23,0,NONE
REC-0654,Operations,1,86.11,0,1,9.09,0.21,0.09,0.07,1,1,9.01,0,NONE
REC-0203,HR,4,88.36,0,2,7.75,0.3,0.09,0.37,1,6,5.31,1,EARLY_CHECKOUT
REC-1171,QA,1,86.64,4,2,8.8,0.32,0.03,0.13,3,3,7.55,0,NONE
REC-0637,Finance,2,86.02,2,0,8.13,0.52,0.09,0.03,2,0,9.23,0,NONE
REC-0123,QA,6,85.19,4,1,8.96,0.23,0.07,0.08,0,3,8.23,0,NONE
REC-0393,Marketing,11,82.5,2,0,8.94,0.36,0.12,0.1,1,1,8.46,0,NONE
REC-0227,HR,3,91.22,1,1,9.3,0.18,0.18,0.09,2,1,8.8,0,NONE
REC-0932,QA,3,98.24,2,2,8.33,0.3,0.16,0.07,1,2,9.76,0,NONE
REC-1056,QA,2,79.56,11,1,8.95,0.76,0.04,0.03,8,2,5.94,1,FREQUENT_LATE
REC-0193,Engineering,1,73.39,0,3,9.08,0.81,0.7,0.69,2,2,7.6,1,WEEKEND_BRIDGING
REC-0463,Engineering,4,82.83,0,4,9.43,0.74,0.63,0.64,1,4,7.56,1,WEEKEND_BRIDGING
REC-0343,QA,3,85.22,3,0,8.93,0.14,0.01,0.08,0,1,7.97,0,NONE
REC-0881,Sales,11,82.5,14,1,10.06,1.46,0.22,0.09,8,2,7.79,1,FREQUENT_LATE
REC-0825,Operations,1,96.54,3,1,8.88,0.2,0.12,0.13,1,0,8.73,0,NONE
REC-0351,Marketing,12,95.11,3,2,8.81,0.1,0.11,0.03,0,0,9.69,0,NONE
REC-0261,QA,2,91.16,0,2,9.34,0.23,0.17,0.13,1,2,8.72,0,NONE
REC-0143,Finance,3,83.8,3,2,8.62,0.34,0.07,0.14,2,2,8.35,0,NONE
REC-0966,Engineering,9,91.77,3,1,9.21,0.18,0.03,0.15,3,2,7.0,0,NONE
REC-0908,Sales,10,91.58,2,2,9.45,0.1,0.1,0.08,2,1,9.2,0,NONE
REC-1181,QA,8,89.36,3,0,9.0,0.21,0.04,0.0,1,1,6.52,0,NONE
REC-0285,Marketing,1,80.87,3,2,8.67,0.31,0.12,0.15,0,2,7.59,0,NONE
REC-0762,Engineering,10,77.57,4,3,10.75,1.37,0.11,0.12,3,1,8.56,1,FREQUENT_LATE
REC-0676,QA,9,78.67,2,2,9.02,0.22,0.02,0.05,1,1,7.53,0,NONE
REC-0154,Sales,5,77.72,2,0,8.91,0.36,0.19,0.14,2,2,8.46,0,NONE
REC-1040,Finance,3,88.26,2,0,9.04,0.56,0.07,0.2,0,0,7.61,0,NONE
REC-1156,HR,8,56.84,4,8,9.26,0.4,0.26,0.28,2,3,5.94,1,HIGH_ABSENTEEISM
REC-0090,HR,8,83.16,4,0,8.62,0.21,0.14,0.15,1,8,5.45,1,EARLY_CHECKOUT
REC-1195,Marketing,8,86.17,2,1,8.46,0.53,0.07,0.17,2,0,7.95,0,NONE
REC-0879,Operations,2,90.9,13,0,9.44,1.45,0.0,0.18,9,2,5.48,1,FREQUENT_LATE
REC-0197,Engineering,12,95.91,4,1,8.35,0.11,0.06,0.11,0,1,6.18,0,NONE
REC-0022,QA,2,90.33,2,0,9.2,0.56,0.17,0.13,0,0,7.63,0,NONE
REC-1102,QA,7,87.98,1,0,9.12,0.47,0.02,0.52,2,6,6.12,1,EARLY_CHECKOUT
REC-0923,Marketing,12,90.51,2,0,8.47,0.25,0.14,0.17,3,1,7.84,0,NONE
REC-0617,Finance,11,88.66,3,2,8.74,0.21,0.12,0.01,1,2,6.98,0,NONE
REC-0134,HR,9,82.42,11,3,9.55,1.29,0.11,0.14,5,1,6.32,1,FREQUENT_LATE
REC-0415,Sales,9,91.1,2,2,9.02,0.56,0.03,0.11,1,0,8.12,0,NONE
REC-0277,Engineering,11,93.13,1,0,8.31,0.28,0.01,0.1,1,1,8.14,0,NONE
REC-0516,HR,2,97.62,0,0,9.08,0.14,0.17,0.19,3,2,8.37,0,NONE
REC-0216,HR,10,92.47,2,2,9.37,0.41,0.18,0.09,0,3,8.78,0,NONE
REC-0609,Marketing,9,96.11,3,2,9.09,0.4,0.01,0.16,2,0,8.86,0,NONE
REC-0980,Finance,1,86.07,4,0,8.85,0.33,0.07,0.01,1,3,9.63,0,NONE
REC-0116,Operations,11,83.39,12,2,9.77,1.17,0.22,0.12,4,3,7.34,1,FREQUENT_LATE
REC-0279,Operations,9,80.78,9,2,10.55,0.73,0.16,0.15,8,2,7.96,1,FREQUENT_LATE
REC-0369,Operations,1,88.74,14,3,10.96,0.86,0.08,0.14,7,0,5.83,1,FREQUENT_LATE
REC-0796,Finance,9,89.32,3,2,8.08,0.37,0.1,0.04,1,0,7.69,0,NONE
REC-0603,QA,12,97.23,1,2,8.85,0.4,0.16,0.12,0,3,7.91,0,NONE
REC-1010,Sales,2,93.07,2,3,8.92,0.15,0.19,0.26,2,9,5.54,1,EARLY_CHECKOUT
REC-1110,Operations,7,81.0,1,2,8.34,0.49,0.2,0.16,3,1,7.22,0,NONE
REC-0919,Finance,6,88.55,4,2,8.98,0.13,0.07,0.13,3,2,7.36,0,NONE
REC-0822,HR,4,95.16,3,1,8.76,0.58,0.14,0.05,2,2,8.99,0,NONE
REC-0293,Engineering,6,89.99,3,1,9.0,0.5,0.03,0.07,0,0,8.95,0,NONE
REC-0997,Marketing,1,85.79,3,0,9.54,0.11,0.13,0.11,0,1,7.18,0,NONE
REC-0236,QA,9,90.35,7,0,8.92,1.44,0.16,0.11,5,0,8.43,1,FREQUENT_LATE
REC-0025,QA,1,89.51,2,2,9.27,0.25,0.02,0.11,3,0,8.79,0,NONE
REC-0427,Engineering,2,96.59,2,0,8.68,0.14,0.04,0.03,2,2,9.22,0,NONE
REC-0095,Finance,11,88.29,4,1,9.35,0.13,0.19,0.06,2,2,7.44,0,NONE
REC-0646,Finance,6,92.46,3,1,8.95,0.27,0.01,0.14,1,1,8.96,0,NONE
REC-0939,Sales,8,57.37,2,7,9.46,0.87,0.3,0.3,3,3,6.16,1,HIGH_ABSENTEEISM
REC-0844,Operations,11,89.18,1,1,9.43,0.38,0.1,0.01,1,0,8.27,0,NONE
REC-0987,Engineering,8,89.6,3,2,8.5,0.49,0.14,0.16,0,2,7.63,0,NONE
REC-0413,Marketing,10,86.82,3,2,8.81,0.38,0.16,0.18,1,3,9.17,0,NONE
REC-0362,Marketing,5,102.67,2,2,8.95,0.57,0.02,0.02,3,2,8.44,0,NONE
REC-0479,HR,10,85.9,3,1,9.23,0.27,0.1,0.03,2,0,7.5,0,NONE
REC-0928,Sales,7,90.03,2,2,8.67,0.47,0.11,0.11,0,2,8.39,0,NONE
REC-1198,Sales,4,53.98,4,11,8.19,0.44,0.26,0.18,3,1,4.74,1,HIGH_ABSENTEEISM
REC-0177,QA,11,79.46,3,1,9.12,0.38,0.07,0.13,2,3,8.34,0,NONE
REC-1011,QA,9,95.23,2,3,9.04,0.49,0.17,0.17,2,10,6.2,1,EARLY_CHECKOUT
REC-0325,Marketing,4,89.07,2,0,9.12,0.37,0.05,0.08,3,2,8.3,0,NONE
REC-0514,Operations,12,99.01,0,0,9.63,0.11,0.0,0.16,0,0,8.31,0,NONE
REC-0920,Engineering,2,99.68,2,2,9.34,0.18,0.02,0.11,0,2,8.69,0,NONE
REC-0666,Sales,3,96.2,0,2,9.34,0.19,0.04,0.11,2,1,8.99,0,NONE
REC-0010,Marketing,1,98.96,2,0,9.49,0.36,0.0,0.01,3,3,8.72,0,NONE
REC-0024,Finance,7,97.8,1,0,8.9,0.14,0.16,0.18,3,0,6.94,0,NONE
REC-1076,HR,10,91.23,1,1,8.56,0.57,0.08,0.08,2,0,8.45,0,NONE
REC-0921,QA,4,95.95,1,2,9.07,0.43,0.1,0.08,2,2,8.56,0,NONE
REC-1114,Engineering,1,89.83,1,0,8.31,0.13,0.05,0.17,1,10,7.04,1,EARLY_CHECKOUT
REC-0970,Operations,8,92.22,4,0,8.27,0.35,0.13,0.1,0,1,8.52,0,NONE
REC-0077,Finance,7,77.48,0,6,9.3,0.56,0.76,0.26,0,4,7.25,1,WEEKEND_BRIDGING
REC-0982,Operations,8,98.34,0,1,8.57,0.49,0.04,0.03,1,3,8.31,0,NONE
REC-0593,QA,5,83.23,4,0,8.73,0.31,0.04,0.03,0,0,9.27,0,NONE
REC-0147,Sales,10,82.62,0,1,8.72,0.57,0.11,0.13,1,1,8.33,0,NONE
REC-0283,HR,10,97.87,0,0,8.53,0.44,0.1,0.19,0,3,8.23,0,NONE
REC-0774,Marketing,9,98.24,3,1,8.4,0.5,0.2,0.12,0,0,7.8,0,NONE
REC-0841,Marketing,2,95.51,4,0,9.66,0.53,0.13,0.08,3,2,8.6,0,NONE
REC-0752,HR,11,57.58,6,9,8.88,0.26,0.17,0.29,2,4,7.69,1,HIGH_ABSENTEEISM
REC-0876,HR,8,89.91,12,0,9.93,0.64,0.06,0.06,4,0,6.71,1,FREQUENT_LATE
REC-0017,QA,9,94.19,0,1,8.31,0.2,0.08,0.07,0,0,9.57,0,NONE
REC-0144,Sales,9,91.18,7,2,9.34,1.38,0.16,0.19,9,3,7.78,1,FREQUENT_LATE
REC-0211,Operations,1,92.66,4,0,9.24,0.34,0.15,0.13,3,1,9.17,0,NONE
REC-0582,HR,9,89.03,9,3,10.54,0.95,0.08,0.23,7,2,8.44,1,FREQUENT_LATE
REC-0377,Engineering,7,86.61,3,1,9.12,0.28,0.18,0.04,0,2,8.39,0,NONE
REC-0379,Marketing,10,87.74,2,5,8.85,0.45,0.42,0.42,2,0,8.31,1,WEEKEND_BRIDGING
REC-0791,HR,1,88.49,1,0,9.07,0.14,0.17,0.18,3,0,7.59,0,NONE
REC-0113,HR,6,96.92,4,1,9.38,0.43,0.17,0.07,1,3,8.68,0,NONE
REC-0551,Operations,6,92.64,7,0,9.25,0.75,0.0,0.02,5,1,6.96,1,FREQUENT_LATE
REC-0744,Sales,6,71.98,4,6,9.33,1.05,0.39,0.15,4,5,5.58,1,HIGH_ABSENTEEISM
REC-0938,Engineering,4,96.16,0,2,8.63,0.49,0.17,0.2,2,0,8.43,0,NONE
REC-0210,HR,4,97.16,1,2,9.36,0.44,0.07,0.09,0,3,7.45,0,NONE
REC-0725,QA,7,96.77,0,1,9.62,0.52,0.13,0.07,1,2,8.04,0,NONE
REC-0570,Operations,3,85.52,1,2,8.87,0.35,0.03,0.12,0,1,8.69,0,NONE
REC-0313,Operations,7,95.27,3,2,8.18,0.4,0.18,0.04,2,1,8.09,0,NONE
REC-0039,Sales,7,85.66,3,0,9.41,0.38,0.07,0.19,3,1,7.44,0,NONE
REC-0625,Operations,10,81.23,4,0,8.94,0.25,0.14,0.02,1,1,7.35,0,NONE
REC-0505,Engineering,8,78.73,4,2,9.46,0.47,0.13,0.07,1,0,7.48,0,NONE
REC-0950,Marketing,1,94.44,3,3,9.23,0.13,0.16,0.53,1,16,3.6,1,EARLY_CHECKOUT
REC-0909,Operations,7,88.69,0,1,9.46,0.3,0.09,0.17,0,2,8.66,0,NONE
REC-0865,HR,7,87.77,4,2,8.64,0.45,0.0,0.1,1,1,7.88,0,NONE
REC-0925,QA,12,97.1,2,2,8.54,0.37,0.15,0.08,2,2,8.56,0,NONE
REC-0358,Marketing,5,80.47,4,3,8.15,0.44,0.19,0.16,0,15,4.74,1,EARLY_CHECKOUT
REC-0728,Sales,9,92.18,2,2,8.6,0.35,0.16,0.07,3,2,7.43,0,NONE
REC-0110,QA,3,97.98,1,2,8.03,0.17,0.15,0.03,3,2,8.37,0,NONE
REC-0179,Engineering,12,92.06,0,0,9.36,0.38,0.18,0.0,2,2,7.75,0,NONE
REC-0862,QA,6,86.0,4,2,8.93,0.31,0.08,0.01,2,2,8.4,0,NONE
REC-0633,Engineering,8,87.93,13,2,9.0,1.02,0.08,0.03,5,1,6.25,1,FREQUENT_LATE
REC-0051,Engineering,2,90.04,2,3,7.86,0.36,0.16,0.54,0,12,6.49,1,EARLY_CHECKOUT
REC-0023,HR,12,82.3,1,1,8.32,0.27,0.13,0.09,2,3,8.06,0,NONE
REC-0274,Sales,7,94.73,2,2,8.27,0.59,0.04,0.09,0,2,8.01,0,NONE
REC-0038,Sales,1,92.23,4,0,9.04,0.19,0.1,0.19,2,3,7.81,0,NONE
REC-0573,Operations,11,84.1,7,2,9.32,1.33,0.19,0.23,4,0,8.17,1,FREQUENT_LATE
REC-0447,Sales,2,100.09,4,0,9.41,0.53,0.13,0.06,2,3,7.61,0,NONE
REC-0289,Sales,11,102.8,2,2,9.54,0.21,0.07,0.12,0,0,8.0,0,NONE
REC-0697,HR,11,101.14,4,1,8.98,0.14,0.14,0.18,1,2,6.93,0,NONE
REC-0481,Finance,1,84.5,1,1,8.87,0.57,0.1,0.06,2,2,8.62,0,NONE
REC-1135,Engineering,2,91.87,5,3,10.79,1.15,0.16,0.22,3,2,7.28,1,FREQUENT_LATE
REC-1020,Sales,3,69.3,7,6,10.09,0.99,0.15,0.13,1,3,6.4,1,HIGH_ABSENTEEISM
REC-0462,QA,2,90.14,0,0,8.75,0.18,0.15,0.47,2,7,6.24,1,EARLY_CHECKOUT
REC-0552,Engineering,11,89.89,2,0,9.18,0.54,0.03,0.09,3,0,7.51,0,NONE
REC-0441,Engineering,1,99.21,3,0,7.99,0.12,0.2,0.35,3,16,6.11,1,EARLY_CHECKOUT
REC-0703,Operations,1,97.63,4,0,9.09,0.42,0.01,0.06,2,0,7.71,0,NONE
REC-0423,HR,1,82.84,1,0,8.66,0.45,0.14,0.13,3,2,8.27,0,NONE
REC-0610,HR,8,88.97,9,3,10.12,0.49,0.08,0.01,3,0,7.82,1,FREQUENT_LATE
REC-0623,Engineering,6,82.02,2,2,8.21,0.33,0.2,0.1,3,2,8.27,0,NONE
REC-0596,Sales,3,91.66,1,1,8.73,0.52,0.12,0.16,3,3,7.66,0,NONE
REC-0082,Sales,12,77.88,5,1,11.53,0.43,0.07,0.17,9,0,7.3,1,FREQUENT_LATE
REC-1163,Operations,6,90.51,10,1,9.42,0.42,0.1,0.15,6,3,6.86,1,FREQUENT_LATE
REC-1126,Finance,11,87.07,2,2,8.78,0.58,0.05,0.06,0,1,7.46,0,NONE
REC-0536,Operations,6,74.69,2,5,9.36,0.42,0.33,0.6,1,2,7.56,1,WEEKEND_BRIDGING
REC-0302,Finance,4,75.33,9,3,10.0,1.16,0.11,0.06,6,0,7.24,1,FREQUENT_LATE
REC-0555,Sales,9,85.76,4,2,8.45,0.38,0.04,0.13,2,0,9.74,0,NONE
REC-1099,HR,11,96.09,1,0,7.97,0.49,0.17,0.08,1,1,9.31,0,NONE
REC-1196,Operations,9,81.42,13,1,9.7,1.49,0.24,0.02,8,3,7.57,1,FREQUENT_LATE
REC-0018,Finance,5,60.69,2,9,9.71,0.85,0.27,0.26,1,5,3.81,1,HIGH_ABSENTEEISM
REC-0160,QA,11,98.28,3,2,9.11,0.36,0.05,0.15,2,0,8.51,0,NONE
REC-0245,Engineering,10,81.16,13,3,10.31,0.48,0.02,0.08,6,0,7.94,1,FREQUENT_LATE
REC-0101,Finance,2,79.93,10,1,9.45,1.19,0.16,0.01,4,0,6.28,1,FREQUENT_LATE
REC-0738,QA,5,96.69,1,1,8.27,0.47,0.15,0.1,1,1,8.25,0,NONE
REC-1121,Marketing,6,97.84,3,1,8.36,0.41,0.16,0.14,3,0,7.6,0,NONE
REC-0946,Engineering,5,91.48,4,2,8.61,0.13,0.13,0.09,0,0,8.09,0,NONE
REC-0388,Operations,4,91.77,1,2,8.33,0.15,0.15,0.1,1,0,8.7,0,NONE
REC-0102,Finance,7,90.41,1,2,8.82,0.45,0.15,0.03,0,0,6.75,0,NONE
REC-0345,Finance,2,92.65,1,2,8.84,0.43,0.16,0.16,2,0,9.64,0,NONE
REC-0898,HR,8,86.0,0,1,8.79,0.21,0.16,0.08,3,0,8.24,0,NONE
REC-0953,Engineering,5,82.99,2,2,9.48,0.52,0.11,0.08,2,2,8.58,0,NONE
REC-0719,Engineering,6,89.22,2,0,8.79,0.57,0.04,0.19,3,2,9.41,0,NONE
REC-0135,Marketing,1,102.34,0,2,8.7,0.24,0.2,0.18,3,0,8.65,0,NONE
REC-0242,Operations,9,84.92,0,0,8.96,0.31,0.05,0.19,1,12,3.91,1,EARLY_CHECKOUT
REC-0903,HR,2,91.35,3,1,9.41,0.33,0.06,0.02,0,0,7.82,0,NONE
REC-0202,QA,12,86.31,0,2,8.34,0.38,0.13,0.11,0,2,8.67,0,NONE
REC-1081,Finance,7,83.96,1,1,8.89,0.59,0.06,0.14,0,0,8.91,0,NONE
REC-0983,Engineering,11,96.87,2,2,9.15,0.2,0.17,0.19,0,2,6.88,0,NONE
REC-1101,Finance,7,79.97,1,14,9.11,1.07,0.42,0.15,4,5,5.44,1,HIGH_ABSENTEEISM
REC-0770,Operations,2,86.13,0,0,8.56,0.4,0.17,0.18,0,3,8.93,0,NONE
REC-0149,Operations,4,93.88,6,0,9.9,0.77,0.14,0.16,7,0,8.22,1,FREQUENT_LATE
REC-0062,HR,3,94.95,0,1,8.97,0.24,0.09,0.5,1,7,5.66,1,EARLY_CHECKOUT
REC-0597,HR,4,85.22,2,0,8.15,0.18,0.08,0.15,3,3,8.4,0,NONE
REC-0207,Finance,6,98.86,4,0,9.22,0.24,0.03,0.06,0,2,7.57,0,NONE
REC-0241,Engineering,6,89.42,4,2,9.03,0.42,0.06,0.12,0,1,7.87,0,NONE
REC-1183,Finance,4,85.42,4,0,9.13,0.17,0.02,0.01,2,1,7.7,0,NONE
REC-0276,Marketing,5,87.72,2,2,9.11,0.31,0.16,0.1,2,2,8.4,0,NONE
REC-0749,Marketing,8,90.93,4,2,8.87,0.17,0.03,0.03,2,0,8.92,0,NONE
REC-0426,Marketing,12,92.09,2,2,8.82,0.32,0.16,0.12,0,3,9.27,0,NONE
REC-0891,Finance,1,91.01,2,0,9.68,0.17,0.07,0.07,0,1,7.47,0,NONE
REC-0099,QA,3,97.55,2,0,9.26,0.32,0.08,0.05,2,1,7.86,0,NONE
REC-0635,Marketing,7,77.68,5,3,10.38,0.94,0.08,0.09,9,3,6.4,1,FREQUENT_LATE
REC-1005,Marketing,12,88.07,3,2,9.41,0.44,0.0,0.19,2,0,9.43,0,NONE
REC-1030,Marketing,4,84.38,5,2,10.06,1.21,0.23,0.23,5,3,7.59,1,FREQUENT_LATE
REC-0611,Operations,8,77.02,9,3,10.24,1.22,0.19,0.04,4,3,7.79,1,FREQUENT_LATE
REC-0806,QA,2,73.44,2,7,8.61,0.4,0.72,0.26,0,2,7.84,1,WEEKEND_BRIDGING
REC-0915,Sales,5,93.17,1,2,7.91,0.22,0.05,0.15,1,2,8.85,0,NONE
REC-0714,HR,12,97.59,4,0,8.92,0.33,0.16,0.08,1,1,8.6,0,NONE
REC-1092,QA,2,94.39,1,2,8.16,0.56,0.16,0.1,0,0,8.8,0,NONE
REC-0133,Engineering,6,82.79,1,2,8.75,0.33,0.13,0.03,0,3,7.73,0,NONE
REC-0814,Marketing,1,59.43,5,7,9.57,0.69,0.14,0.15,4,3,7.94,1,HIGH_ABSENTEEISM
REC-0999,Sales,12,85.89,2,6,8.41,0.66,0.43,0.26,0,4,7.96,1,WEEKEND_BRIDGING
REC-1041,Sales,6,74.83,1,6,8.47,0.42,0.38,0.37,3,3,7.39,1,WEEKEND_BRIDGING
REC-0742,QA,6,91.59,0,0,8.83,0.15,0.16,0.1,1,1,8.41,0,NONE
REC-0432,Marketing,7,89.31,0,2,8.89,0.49,0.19,0.04,0,3,8.13,0,NONE
REC-0523,HR,11,87.25,1,1,7.86,0.49,0.1,0.04,1,0,8.53,0,NONE
REC-0195,Operations,2,84.78,0,2,8.99,0.32,0.14,0.11,3,0,8.99,0,NONE
REC-0316,Operations,11,92.64,4,2,8.97,0.4,0.07,0.12,3,3,8.09,0,NONE
REC-1151,QA,2,75.22,4,2,9.82,0.7,0.19,0.15,6,2,8.01,1,FREQUENT_LATE
REC-0250,QA,7,87.37,3,2,8.98,0.52,0.18,0.12,3,1,7.65,0,NONE
REC-0672,Finance,4,97.3,4,0,8.95,0.27,0.03,0.01,1,3,9.54,0,NONE
REC-1145,Sales,5,96.31,0,0,8.32,0.31,0.17,0.19,3,1,8.26,0,NONE
REC-0254,QA,5,91.38,2,1,8.54,0.13,0.19,0.15,2,3,8.84,0,NONE
REC-0372,Marketing,1,73.57,6,0,10.45,1.57,0.07,0.22,8,3,8.93,1,FREQUENT_LATE
REC-0664,QA,1,94.4,3,1,7.86,0.45,0.02,0.02,1,1,6.4,0,NONE
REC-0926,QA,9,88.97,1,2,9.17,0.11,0.08,0.46,1,18,6.3,1,EARLY_CHECKOUT
REC-0048,Operations,2,100.52,0,2,8.09,0.36,0.19,0.19,3,2,9.18,0,NONE
REC-0442,Marketing,4,86.6,13,3,9.99,1.38,0.13,0.09,8,2,6.77,1,FREQUENT_LATE
REC-0438,Marketing,5,95.15,1,1,10.2,0.39,0.18,0.15,1,2,9.68,0,NONE
REC-1015,HR,12,97.11,3,0,8.85,0.43,0.04,0.07,1,2,9.58,0,NONE
REC-0548,QA,7,94.0,1,2,8.65,0.49,0.15,0.04,2,3,7.51,0,NONE
REC-0773,QA,9,92.44,4,0,9.24,0.31,0.01,0.08,1,2,9.14,0,NONE
REC-1016,Sales,4,81.55,4,0,8.44,0.15,0.19,0.1,1,1,8.86,0,NONE
REC-0138,Sales,7,93.72,3,0,9.06,0.44,0.05,0.11,2,3,8.32,0,NONE
