requestId,employeeId,department,leaveType,startDate,endDate,totalDays,month,year,quarter,dayOfWeek,status,daysAdvanceNotice,isEmergencyLeave,season,appliedDate
LR00001,EMP1001,Engineering,CASUAL,2024-05-28,2024-05-28,1,5,2024,2,Tuesday,APPROVED,23,0,Spring,2024-05-05
LR00002,EMP1001,Engineering,SICK,2024-05-30,2024-06-01,3,5,2024,2,Thursday,PENDING,6,0,Spring,2024-05-24
LR00003,EMP1001,Engineering,ANNUAL,2024-09-06,2024-09-06,1,9,2024,3,Friday,PENDING,4,0,Autumn,2024-09-02
LR00004,EMP1001,Engineering,ANNUAL,2024-12-24,2024-12-28,5,12,2024,4,Tuesday,APPROVED,4,0,Winter,2024-12-20
LR00005,EMP1001,Engineering,CASUAL,2024-03-04,2024-03-05,2,3,2024,1,Monday,APPROVED,0,1,Spring,2024-03-04
LR00006,EMP1001,Engineering,UNPAID,2024-10-12,2024-10-15,4,10,2024,4,Saturday,REJECTED,1,0,Autumn,2024-10-11
LR00007,EMP1001,Engineering,SICK,2025-07-05,2025-07-05,1,7,2025,3,Saturday,APPROVED,21,0,Summer,2025-06-14
LR00008,EMP1001,Engineering,ANNUAL,2025-08-13,2025-08-14,2,8,2025,3,Wednesday,APPROVED,14,0,Summer,2025-07-30
LR00009,EMP1001,Engineering,ANNUAL,2025-04-20,2025-04-23,4,4,2025,2,Sunday,REJECTED,2,0,Spring,2025-04-18
LR00010,EMP1001,Engineering,UNPAID,2025-08-14,2025-08-15,2,8,2025,3,Thursday,APPROVED,15,0,Summer,2025-07-30
LR00011,EMP1001,Engineering,CASUAL,2025-04-09,2025-04-10,2,4,2025,2,Wednesday,REJECTED,23,0,Spring,2025-03-17
LR00012,EMP1001,Engineering,CASUAL,2025-08-03,2025-08-04,2,8,2025,3,Sunday,APPROVED,10,0,Summer,2025-07-24
LR00013,EMP1002,Engineering,ANNUAL,2024-03-14,2024-03-15,2,3,2024,1,Thursday,REJECTED,21,0,Spring,2024-02-22
LR00014,EMP1002,Engineering,ANNUAL,2024-01-17,2024-01-18,2,1,2024,1,Wednesday,APPROVED,20,0,Winter,2023-12-28
LR00015,EMP1002,Engineering,ANNUAL,2024-01-02,2024-01-06,5,1,2024,1,Tuesday,APPROVED,1,0,Winter,2024-01-01
LR00016,EMP1002,Engineering,SICK,2024-07-25,2024-07-25,1,7,2024,3,Thursday,PENDING,30,0,Summer,2024-06-25
LR00017,EMP1002,Engineering,ANNUAL,2024-10-02,2024-10-03,2,10,2024,4,Wednesday,APPROVED,21,0,Autumn,2024-09-11
LR00018,EMP1002,Engineering,ANNUAL,2024-07-03,2024-07-06,4,7,2024,3,Wednesday,APPROVED,19,0,Summer,2024-06-14
LR00019,EMP1002,Engineering,CASUAL,2024-06-25,2024-06-25,1,6,2024,2,Tuesday,APPROVED,6,0,Summer,2024-06-19
LR00020,EMP1002,Engineering,CASUAL,2025-05-24,2025-05-24,1,5,2025,2,Saturday,APPROVED,23,0,Spring,2025-05-01
LR00021,EMP1002,Engineering,SICK,2025-08-17,2025-08-19,3,8,2025,3,Sunday,APPROVED,10,0,Summer,2025-08-07
LR00022,EMP1002,Engineering,UNPAID,2025-05-19,2025-05-19,1,5,2025,2,Monday,PENDING,19,0,Spring,2025-04-30
LR00023,EMP1002,Engineering,ANNUAL,2025-06-15,2025-06-19,5,6,2025,2,Sunday,APPROVED,5,0,Summer,2025-06-10
LR00024,EMP1002,Engineering,MATERNITY,2025-04-24,2025-06-15,53,4,2025,2,Thursday,APPROVED,14,0,Spring,2025-04-10
LR00025,EMP1002,Engineering,SICK,2025-12-19,2025-12-21,3,12,2025,4,Friday,APPROVED,6,0,Winter,2025-12-13
LR00026,EMP1002,Engineering,ANNUAL,2025-05-12,2025-05-13,2,5,2025,2,Monday,APPROVED,29,0,Spring,2025-04-13
LR00027,EMP1003,Engineering,UNPAID,2024-03-02,2024-03-02,1,3,2024,1,Saturday,REJECTED,4,0,Spring,2024-02-27
LR00028,EMP1003,Engineering,ANNUAL,2024-04-22,2024-04-25,4,4,2024,2,Monday,APPROVED,0,1,Spring,2024-04-22
LR00029,EMP1003,Engineering,ANNUAL,2024-06-04,2024-06-08,5,6,2024,2,Tuesday,APPROVED,27,0,Summer,2024-05-08
LR00030,EMP1003,Engineering,ANNUAL,2024-06-19,2024-06-20,2,6,2024,2,Wednesday,APPROVED,24,0,Summer,2024-05-26
LR00031,EMP1003,Engineering,ANNUAL,2024-03-17,2024-03-19,3,3,2024,1,Sunday,PENDING,4,0,Spring,2024-03-13
LR00032,EMP1003,Engineering,ANNUAL,2024-01-30,2024-01-30,1,1,2024,1,Tuesday,APPROVED,17,0,Winter,2024-01-13
LR00033,EMP1003,Engineering,CASUAL,2024-12-06,2024-12-06,1,12,2024,4,Friday,APPROVED,0,1,Winter,2024-12-06
LR00034,EMP1003,Engineering,ANNUAL,2024-02-17,2024-02-21,5,2,2024,1,Saturday,APPROVED,3,0,Winter,2024-02-14
LR00035,EMP1003,Engineering,SICK,2025-05-08,2025-05-08,1,5,2025,2,Thursday,APPROVED,18,0,Spring,2025-04-20
LR00036,EMP1003,Engineering,ANNUAL,2025-08-12,2025-08-13,2,8,2025,3,Tuesday,REJECTED,28,0,Summer,2025-07-15
LR00037,EMP1003,Engineering,SICK,2025-09-03,2025-09-03,1,9,2025,3,Wednesday,PENDING,13,0,Autumn,2025-08-21
LR00038,EMP1003,Engineering,SICK,2025-01-11,2025-01-13,3,1,2025,1,Saturday,APPROVED,19,0,Winter,2024-12-23
LR00039,EMP1003,Engineering,ANNUAL,2025-02-12,2025-02-15,4,2,2025,1,Wednesday,REJECTED,3,0,Winter,2025-02-09
LR00040,EMP1003,Engineering,ANNUAL,2025-10-18,2025-10-20,3,10,2025,4,Saturday,APPROVED,13,0,Autumn,2025-10-05
LR00041,EMP1003,Engineering,SICK,2025-09-22,2025-09-23,2,9,2025,3,Monday,PENDING,4,0,Autumn,2025-09-18
LR00042,EMP1003,Engineering,ANNUAL,2025-08-07,2025-08-07,1,8,2025,3,Thursday,APPROVED,23,0,Summer,2025-07-15
LR00043,EMP1004,Engineering,UNPAID,2024-06-04,2024-06-04,1,6,2024,2,Tuesday,PENDING,24,0,Summer,2024-05-11
LR00044,EMP1004,Engineering,CASUAL,2024-06-21,2024-06-22,2,6,2024,2,Friday,APPROVED,3,0,Summer,2024-06-18
LR00045,EMP1004,Engineering,ANNUAL,2024-01-06,2024-01-07,2,1,2024,1,Saturday,APPROVED,21,0,Winter,2023-12-16
LR00046,EMP1004,Engineering,CASUAL,2024-06-13,2024-06-14,2,6,2024,2,Thursday,APPROVED,20,0,Summer,2024-05-24
LR00047,EMP1004,Engineering,CASUAL,2024-06-04,2024-06-05,2,6,2024,2,Tuesday,APPROVED,22,0,Summer,2024-05-13
LR00048,EMP1004,Engineering,ANNUAL,2024-03-06,2024-03-07,2,3,2024,1,Wednesday,REJECTED,14,0,Spring,2024-02-21
LR00049,EMP1004,Engineering,ANNUAL,2025-10-12,2025-10-12,1,10,2025,4,Sunday,APPROVED,17,0,Autumn,2025-09-25
LR00050,EMP1004,Engineering,SICK,2025-09-19,2025-09-19,1,9,2025,3,Friday,APPROVED,2,0,Autumn,2025-09-17
LR00051,EMP1004,Engineering,SICK,2025-12-29,2025-12-31,3,12,2025,4,Monday,APPROVED,7,0,Winter,2025-12-22
LR00052,EMP1004,Engineering,SICK,2025-12-04,2025-12-05,2,12,2025,4,Thursday,APPROVED,20,0,Winter,2025-11-14
LR00053,EMP1004,Engineering,ANNUAL,2025-07-22,2025-07-26,5,7,2025,3,Tuesday,APPROVED,27,0,Summer,2025-06-25
LR00054,EMP1004,Engineering,CASUAL,2025-12-03,2025-12-04,2,12,2025,4,Wednesday,APPROVED,20,0,Winter,2025-11-13
LR00055,EMP1005,Engineering,ANNUAL,2024-07-01,2024-07-01,1,7,2024,3,Monday,PENDING,0,1,Summer,2024-07-01
LR00056,EMP1005,Engineering,CASUAL,2024-06-07,2024-06-07,1,6,2024,2,Friday,REJECTED,23,0,Summer,2024-05-15
LR00057,EMP1005,Engineering,ANNUAL,2024-08-30,2024-09-02,4,8,2024,3,Friday,REJECTED,0,1,Summer,2024-08-30
LR00058,EMP1005,Engineering,ANNUAL,2024-01-07,2024-01-10,4,1,2024,1,Sunday,APPROVED,5,0,Winter,2024-01-02
LR00059,EMP1005,Engineering,SICK,2024-02-14,2024-02-16,3,2,2024,1,Wednesday,APPROVED,9,0,Winter,2024-02-05
LR00060,EMP1005,Engineering,ANNUAL,2024-08-26,2024-08-26,1,8,2024,3,Monday,APPROVED,1,0,Summer,2024-08-25
LR00061,EMP1005,Engineering,MATERNITY,2024-04-05,2024-05-07,33,4,2024,2,Friday,APPROVED,0,1,Spring,2024-04-05
LR00062,EMP1005,Engineering,ANNUAL,2024-04-01,2024-04-03,3,4,2024,2,Monday,APPROVED,7,0,Spring,2024-03-25
LR00063,EMP1005,Engineering,CASUAL,2025-02-01,2025-02-01,1,2,2025,1,Saturday,APPROVED,25,0,Winter,2025-01-07
LR00064,EMP1005,Engineering,SICK,2025-05-28,2025-05-28,1,5,2025,2,Wednesday,APPROVED,16,0,Spring,2025-05-12
LR00065,EMP1005,Engineering,UNPAID,2025-06-01,2025-06-03,3,6,2025,2,Sunday,APPROVED,0,1,Summer,2025-06-01
LR00066,EMP1005,Engineering,MATERNITY,2025-01-08,2025-02-11,35,1,2025,1,Wednesday,APPROVED,27,0,Winter,2024-12-12
LR00067,EMP1005,Engineering,UNPAID,2025-11-10,2025-11-12,3,11,2025,4,Monday,APPROVED,1,0,Autumn,2025-11-09
LR00068,EMP1005,Engineering,ANNUAL,2025-06-06,2025-06-06,1,6,2025,2,Friday,APPROVED,16,0,Summer,2025-05-21
LR00069,EMP1005,Engineering,SICK,2025-06-16,2025-06-16,1,6,2025,2,Monday,APPROVED,5,0,Summer,2025-06-11
LR00070,EMP1005,Engineering,ANNUAL,2025-07-27,2025-07-31,5,7,2025,3,Sunday,REJECTED,6,0,Summer,2025-07-21
LR00071,EMP1006,Engineering,CASUAL,2024-10-29,2024-10-30,2,10,2024,4,Tuesday,APPROVED,6,0,Autumn,2024-10-23
LR00072,EMP1006,Engineering,SICK,2024-05-22,2024-05-23,2,5,2024,2,Wednesday,APPROVED,4,0,Spring,2024-05-18
LR00073,EMP1006,Engineering,ANNUAL,2024-07-23,2024-07-25,3,7,2024,3,Tuesday,CANCELLED,27,0,Summer,2024-06-26
LR00074,EMP1006,Engineering,SICK,2024-06-19,2024-06-19,1,6,2024,2,Wednesday,CANCELLED,0,1,Summer,2024-06-19
LR00075,EMP1006,Engineering,UNPAID,2025-01-29,2025-01-31,3,1,2025,1,Wednesday,APPROVED,10,0,Winter,2025-01-19
LR00076,EMP1006,Engineering,SICK,2025-12-21,2025-12-23,3,12,2025,4,Sunday,APPROVED,24,0,Winter,2025-11-27
LR00077,EMP1006,Engineering,ANNUAL,2025-12-27,2025-12-29,3,12,2025,4,Saturday,REJECTED,12,0,Winter,2025-12-15
LR00078,EMP1006,Engineering,SICK,2025-06-08,2025-06-09,2,6,2025,2,Sunday,CANCELLED,18,0,Summer,2025-05-21
LR00079,EMP1007,Engineering,PATERNITY,2024-10-02,2024-10-04,3,10,2024,4,Wednesday,REJECTED,16,0,Autumn,2024-09-16
LR00080,EMP1007,Engineering,ANNUAL,2024-06-21,2024-06-21,1,6,2024,2,Friday,APPROVED,26,0,Summer,2024-05-26
LR00081,EMP1007,Engineering,ANNUAL,2024-05-28,2024-05-29,2,5,2024,2,Tuesday,APPROVED,9,0,Spring,2024-05-19
LR00082,EMP1007,Engineering,PATERNITY,2024-01-23,2024-01-26,4,1,2024,1,Tuesday,APPROVED,12,0,Winter,2024-01-11
LR00083,EMP1007,Engineering,PATERNITY,2024-04-14,2024-04-16,3,4,2024,2,Sunday,REJECTED,30,0,Spring,2024-03-15
LR00084,EMP1007,Engineering,ANNUAL,2024-05-05,2024-05-08,4,5,2024,2,Sunday,APPROVED,2,0,Spring,2024-05-03
LR00085,EMP1007,Engineering,CASUAL,2024-02-12,2024-02-13,2,2,2024,1,Monday,APPROVED,0,1,Winter,2024-02-12
LR00086,EMP1007,Engineering,SICK,2024-09-25,2024-09-26,2,9,2024,3,Wednesday,PENDING,6,0,Autumn,2024-09-19
LR00087,EMP1007,Engineering,SICK,2025-04-12,2025-04-12,1,4,2025,2,Saturday,PENDING,19,0,Spring,2025-03-24
LR00088,EMP1007,Engineering,CASUAL,2025-09-01,2025-09-02,2,9,2025,3,Monday,APPROVED,9,0,Autumn,2025-08-23
LR00089,EMP1007,Engineering,CASUAL,2025-10-09,2025-10-10,2,10,2025,4,Thursday,REJECTED,1,0,Autumn,2025-10-08
LR00090,EMP1007,Engineering,ANNUAL,2025-09-29,2025-10-02,4,9,2025,3,Monday,REJECTED,27,0,Autumn,2025-09-02
LR00091,EMP1007,Engineering,UNPAID,2025-07-01,2025-07-03,3,7,2025,3,Tuesday,APPROVED,1,0,Summer,2025-06-30
LR00092,EMP1007,Engineering,SICK,2025-04-01,2025-04-03,3,4,2025,2,Tuesday,REJECTED,15,0,Spring,2025-03-17
LR00093,EMP1007,Engineering,CASUAL,2025-05-27,2025-05-27,1,5,2025,2,Tuesday,REJECTED,26,0,Spring,2025-05-01
LR00094,EMP1007,Engineering,SICK,2025-12-18,2025-12-20,3,12,2025,4,Thursday,APPROVED,13,0,Winter,2025-12-05
LR00095,EMP1008,Engineering,CASUAL,2024-08-18,2024-08-18,1,8,2024,3,Sunday,APPROVED,17,0,Summer,2024-08-01
LR00096,EMP1008,Engineering,UNPAID,2024-10-11,2024-10-11,1,10,2024,4,Friday,APPROVED,13,0,Autumn,2024-09-28
LR00097,EMP1008,Engineering,ANNUAL,2024-09-23,2024-09-26,4,9,2024,3,Monday,CANCELLED,18,0,Autumn,2024-09-05
LR00098,EMP1008,Engineering,SICK,2024-02-05,2024-02-06,2,2,2024,1,Monday,APPROVED,9,0,Winter,2024-01-27
LR00099,EMP1008,Engineering,ANNUAL,2024-06-20,2024-06-20,1,6,2024,2,Thursday,APPROVED,14,0,Summer,2024-06-06
LR00100,EMP1008,Engineering,SICK,2024-02-27,2024-02-28,2,2,2024,1,Tuesday,APPROVED,0,1,Winter,2024-02-27
LR00101,EMP1008,Engineering,ANNUAL,2024-05-09,2024-05-12,4,5,2024,2,Thursday,PENDING,20,0,Spring,2024-04-19
LR00102,EMP1008,Engineering,ANNUAL,2024-08-11,2024-08-14,4,8,2024,3,Sunday,APPROVED,20,0,Summer,2024-07-22
LR00103,EMP1008,Engineering,ANNUAL,2025-05-28,2025-05-30,3,5,2025,2,Wednesday,APPROVED,12,0,Spring,2025-05-16
LR00104,EMP1008,Engineering,CASUAL,2025-08-24,2025-08-25,2,8,2025,3,Sunday,APPROVED,0,1,Summer,2025-08-24
LR00105,EMP1008,Engineering,ANNUAL,2025-06-08,2025-06-09,2,6,2025,2,Sunday,APPROVED,19,0,Summer,2025-05-20
LR00106,EMP1008,Engineering,ANNUAL,2025-07-11,2025-07-15,5,7,2025,3,Friday,PENDING,8,0,Summer,2025-07-03
LR00107,EMP1008,Engineering,ANNUAL,2025-12-16,2025-12-20,5,12,2025,4,Tuesday,APPROVED,25,0,Winter,2025-11-21
LR00108,EMP1008,Engineering,SICK,2025-12-28,2025-12-29,2,12,2025,4,Sunday,APPROVED,17,0,Winter,2025-12-11
LR00109,EMP1008,Engineering,UNPAID,2025-08-30,2025-09-02,4,8,2025,3,Saturday,APPROVED,4,0,Summer,2025-08-26
LR00110,EMP1008,Engineering,ANNUAL,2025-12-03,2025-12-05,3,12,2025,4,Wednesday,APPROVED,29,0,Winter,2025-11-04
LR00111,EMP1009,Engineering,MATERNITY,2024-07-01,2024-09-04,66,7,2024,3,Monday,CANCELLED,3,0,Summer,2024-06-28
LR00112,EMP1009,Engineering,ANNUAL,2024-06-04,2024-06-05,2,6,2024,2,Tuesday,APPROVED,3,0,Summer,2024-06-01
LR00113,EMP1009,Engineering,ANNUAL,2024-03-15,2024-03-17,3,3,2024,1,Friday,APPROVED,0,1,Spring,2024-03-15
LR00114,EMP1009,Engineering,ANNUAL,2024-06-26,2024-06-30,5,6,2024,2,Wednesday,CANCELLED,9,0,Summer,2024-06-17
LR00115,EMP1009,Engineering,ANNUAL,2024-08-29,2024-08-31,3,8,2024,3,Thursday,APPROVED,3,0,Summer,2024-08-26
LR00116,EMP1009,Engineering,SICK,2024-10-28,2024-10-30,3,10,2024,4,Monday,APPROVED,4,0,Autumn,2024-10-24
LR00117,EMP1009,Engineering,SICK,2024-04-15,2024-04-17,3,4,2024,2,Monday,REJECTED,4,0,Spring,2024-04-11
LR00118,EMP1009,Engineering,ANNUAL,2024-04-04,2024-04-04,1,4,2024,2,Thursday,APPROVED,15,0,Spring,2024-03-20
LR00119,EMP1009,Engineering,MATERNITY,2024-01-19,2024-04-07,80,1,2024,1,Friday,CANCELLED,2,0,Winter,2024-01-17
LR00120,EMP1009,Engineering,CASUAL,2024-05-06,2024-05-07,2,5,2024,2,Monday,APPROVED,25,0,Spring,2024-04-11
LR00121,EMP1009,Engineering,ANNUAL,2025-06-09,2025-06-11,3,6,2025,2,Monday,APPROVED,22,0,Summer,2025-05-18
LR00122,EMP1009,Engineering,CASUAL,2025-12-22,2025-12-23,2,12,2025,4,Monday,REJECTED,4,0,Winter,2025-12-18
LR00123,EMP1009,Engineering,ANNUAL,2025-12-06,2025-12-09,4,12,2025,4,Saturday,APPROVED,3,0,Winter,2025-12-03
LR00124,EMP1009,Engineering,CASUAL,2025-06-01,2025-06-01,1,6,2025,2,Sunday,APPROVED,17,0,Summer,2025-05-15
LR00125,EMP1009,Engineering,ANNUAL,2025-07-23,2025-07-23,1,7,2025,3,Wednesday,APPROVED,17,0,Summer,2025-07-06
LR00126,EMP1009,Engineering,ANNUAL,2025-03-11,2025-03-14,4,3,2025,1,Tuesday,APPROVED,0,1,Spring,2025-03-11
LR00127,EMP1009,Engineering,CASUAL,2025-11-16,2025-11-17,2,11,2025,4,Sunday,REJECTED,11,0,Autumn,2025-11-05
LR00128,EMP1009,Engineering,ANNUAL,2025-06-25,2025-06-29,5,6,2025,2,Wednesday,PENDING,0,1,Summer,2025-06-25
LR00129,EMP1009,Engineering,CASUAL,2025-01-09,2025-01-09,1,1,2025,1,Thursday,APPROVED,23,0,Winter,2024-12-17
LR00130,EMP1009,Engineering,CASUAL,2025-01-21,2025-01-21,1,1,2025,1,Tuesday,REJECTED,21,0,Winter,2024-12-31
LR00131,EMP1010,Engineering,CASUAL,2024-04-25,2024-04-26,2,4,2024,2,Thursday,APPROVED,14,0,Spring,2024-04-11
LR00132,EMP1010,Engineering,ANNUAL,2024-12-24,2024-12-24,1,12,2024,4,Tuesday,APPROVED,4,0,Winter,2024-12-20
LR00133,EMP1010,Engineering,UNPAID,2024-07-22,2024-07-22,1,7,2024,3,Monday,PENDING,2,0,Summer,2024-07-20
LR00134,EMP1010,Engineering,SICK,2024-05-22,2024-05-22,1,5,2024,2,Wednesday,APPROVED,23,0,Spring,2024-04-29
LR00135,EMP1010,Engineering,SICK,2025-08-16,2025-08-16,1,8,2025,3,Saturday,APPROVED,21,0,Summer,2025-07-26
LR00136,EMP1010,Engineering,CASUAL,2025-06-03,2025-06-03,1,6,2025,2,Tuesday,APPROVED,7,0,Summer,2025-05-27
LR00137,EMP1010,Engineering,ANNUAL,2025-07-04,2025-07-05,2,7,2025,3,Friday,APPROVED,29,0,Summer,2025-06-05
LR00138,EMP1010,Engineering,SICK,2025-07-08,2025-07-10,3,7,2025,3,Tuesday,APPROVED,2,0,Summer,2025-07-06
LR00139,EMP1011,Engineering,CASUAL,2024-05-06,2024-05-06,1,5,2024,2,Monday,APPROVED,26,0,Spring,2024-04-10
LR00140,EMP1011,Engineering,ANNUAL,2024-01-18,2024-01-20,3,1,2024,1,Thursday,CANCELLED,0,1,Winter,2024-01-18
LR00141,EMP1011,Engineering,ANNUAL,2024-05-21,2024-05-21,1,5,2024,2,Tuesday,PENDING,27,0,Spring,2024-04-24
LR00142,EMP1011,Engineering,CASUAL,2024-03-29,2024-03-29,1,3,2024,1,Friday,APPROVED,25,0,Spring,2024-03-04
LR00143,EMP1011,Engineering,CASUAL,2024-01-06,2024-01-06,1,1,2024,1,Saturday,APPROVED,27,0,Winter,2023-12-10
LR00144,EMP1011,Engineering,UNPAID,2024-05-14,2024-05-15,2,5,2024,2,Tuesday,APPROVED,4,0,Spring,2024-05-10
LR00145,EMP1011,Engineering,CASUAL,2024-07-30,2024-07-31,2,7,2024,3,Tuesday,APPROVED,15,0,Summer,2024-07-15
LR00146,EMP1011,Engineering,ANNUAL,2025-12-15,2025-12-18,4,12,2025,4,Monday,APPROVED,16,0,Winter,2025-11-29
LR00147,EMP1011,Engineering,ANNUAL,2025-12-23,2025-12-24,2,12,2025,4,Tuesday,REJECTED,8,0,Winter,2025-12-15
LR00148,EMP1011,Engineering,MATERNITY,2025-09-13,2025-11-24,73,9,2025,3,Saturday,APPROVED,3,0,Autumn,2025-09-10
LR00149,EMP1011,Engineering,ANNUAL,2025-06-06,2025-06-08,3,6,2025,2,Friday,APPROVED,20,0,Summer,2025-05-17
LR00150,EMP1011,Engineering,CASUAL,2025-10-06,2025-10-07,2,10,2025,4,Monday,REJECTED,20,0,Autumn,2025-09-16
LR00151,EMP1011,Engineering,ANNUAL,2025-08-09,2025-08-10,2,8,2025,3,Saturday,APPROVED,0,1,Summer,2025-08-09
LR00152,EMP1011,Engineering,SICK,2025-04-04,2025-04-05,2,4,2025,2,Friday,APPROVED,15,0,Spring,2025-03-20
LR00153,EMP1012,Engineering,SICK,2024-08-20,2024-08-22,3,8,2024,3,Tuesday,REJECTED,25,0,Summer,2024-07-26
LR00154,EMP1012,Engineering,UNPAID,2024-12-28,2024-12-30,3,12,2024,4,Saturday,APPROVED,19,0,Winter,2024-12-09
LR00155,EMP1012,Engineering,CASUAL,2024-01-25,2024-01-26,2,1,2024,1,Thursday,REJECTED,27,0,Winter,2023-12-29
LR00156,EMP1012,Engineering,SICK,2024-11-18,2024-11-19,2,11,2024,4,Monday,APPROVED,4,0,Autumn,2024-11-14
LR00157,EMP1012,Engineering,SICK,2024-07-12,2024-07-13,2,7,2024,3,Friday,REJECTED,17,0,Summer,2024-06-25
LR00158,EMP1012,Engineering,UNPAID,2025-06-24,2025-06-27,4,6,2025,2,Tuesday,REJECTED,20,0,Summer,2025-06-04
LR00159,EMP1012,Engineering,ANNUAL,2025-10-23,2025-10-27,5,10,2025,4,Thursday,REJECTED,0,1,Autumn,2025-10-23
LR00160,EMP1012,Engineering,SICK,2025-06-01,2025-06-03,3,6,2025,2,Sunday,APPROVED,23,0,Summer,2025-05-09
LR00161,EMP1012,Engineering,ANNUAL,2025-01-21,2025-01-24,4,1,2025,1,Tuesday,APPROVED,0,1,Winter,2025-01-21
LR00162,EMP1012,Engineering,ANNUAL,2025-04-23,2025-04-23,1,4,2025,2,Wednesday,PENDING,25,0,Spring,2025-03-29
LR00163,EMP1013,Operations,MATERNITY,2024-12-01,2025-01-26,57,12,2024,4,Sunday,APPROVED,30,0,Winter,2024-11-01
LR00164,EMP1013,Operations,ANNUAL,2024-07-12,2024-07-14,3,7,2024,3,Friday,APPROVED,26,0,Summer,2024-06-16
LR00165,EMP1013,Operations,ANNUAL,2024-08-10,2024-08-13,4,8,2024,3,Saturday,APPROVED,28,0,Summer,2024-07-13
LR00166,EMP1013,Operations,CASUAL,2024-08-09,2024-08-10,2,8,2024,3,Friday,APPROVED,19,0,Summer,2024-07-21
LR00167,EMP1013,Operations,SICK,2024-06-15,2024-06-16,2,6,2024,2,Saturday,APPROVED,21,0,Summer,2024-05-25
LR00168,EMP1013,Operations,CASUAL,2024-08-06,2024-08-06,1,8,2024,3,Tuesday,APPROVED,10,0,Summer,2024-07-27
LR00169,EMP1013,Operations,ANNUAL,2024-03-24,2024-03-24,1,3,2024,1,Sunday,APPROVED,11,0,Spring,2024-03-13
LR00170,EMP1013,Operations,MATERNITY,2025-11-06,2025-12-31,56,11,2025,4,Thursday,PENDING,26,0,Autumn,2025-10-11
LR00171,EMP1013,Operations,CASUAL,2025-07-10,2025-07-10,1,7,2025,3,Thursday,APPROVED,10,0,Summer,2025-06-30
LR00172,EMP1013,Operations,ANNUAL,2025-08-25,2025-08-25,1,8,2025,3,Monday,REJECTED,13,0,Summer,2025-08-12
LR00173,EMP1013,Operations,SICK,2025-11-27,2025-11-27,1,11,2025,4,Thursday,APPROVED,20,0,Autumn,2025-11-07
LR00174,EMP1013,Operations,ANNUAL,2025-06-19,2025-06-22,4,6,2025,2,Thursday,REJECTED,1,0,Summer,2025-06-18
LR00175,EMP1013,Operations,SICK,2025-06-19,2025-06-21,3,6,2025,2,Thursday,APPROVED,12,0,Summer,2025-06-07
LR00176,EMP1013,Operations,SICK,2025-05-08,2025-05-09,2,5,2025,2,Thursday,APPROVED,0,1,Spring,2025-05-08
LR00177,EMP1014,Operations,SICK,2024-07-03,2024-07-03,1,7,2024,3,Wednesday,APPROVED,24,0,Summer,2024-06-09
LR00178,EMP1014,Operations,UNPAID,2024-08-23,2024-08-23,1,8,2024,3,Friday,REJECTED,6,0,Summer,2024-08-17
LR00179,EMP1014,Operations,CASUAL,2024-11-03,2024-11-03,1,11,2024,4,Sunday,APPROVED,26,0,Autumn,2024-10-08
LR00180,EMP1014,Operations,ANNUAL,2024-12-06,2024-12-07,2,12,2024,4,Friday,APPROVED,12,0,Winter,2024-11-24
LR00181,EMP1014,Operations,ANNUAL,2025-12-02,2025-12-05,4,12,2025,4,Tuesday,APPROVED,30,0,Winter,2025-11-02
LR00182,EMP1014,Operations,SICK,2025-01-10,2025-01-11,2,1,2025,1,Friday,APPROVED,13,0,Winter,2024-12-28
LR00183,EMP1014,Operations,SICK,2025-07-22,2025-07-22,1,7,2025,3,Tuesday,CANCELLED,0,1,Summer,2025-07-22
LR00184,EMP1014,Operations,ANNUAL,2025-08-02,2025-08-03,2,8,2025,3,Saturday,APPROVED,6,0,Summer,2025-07-27
LR00185,EMP1015,Operations,SICK,2024-09-14,2024-09-16,3,9,2024,3,Saturday,REJECTED,0,1,Autumn,2024-09-14
LR00186,EMP1015,Operations,SICK,2024-07-25,2024-07-25,1,7,2024,3,Thursday,APPROVED,8,0,Summer,2024-07-17
LR00187,EMP1015,Operations,UNPAID,2024-08-05,2024-08-07,3,8,2024,3,Monday,APPROVED,6,0,Summer,2024-07-30
LR00188,EMP1015,Operations,CASUAL,2024-05-08,2024-05-08,1,5,2024,2,Wednesday,APPROVED,28,0,Spring,2024-04-10
LR00189,EMP1015,Operations,CASUAL,2024-07-15,2024-07-15,1,7,2024,3,Monday,REJECTED,5,0,Summer,2024-07-10
LR00190,EMP1015,Operations,CASUAL,2024-07-18,2024-07-18,1,7,2024,3,Thursday,REJECTED,10,0,Summer,2024-07-08
LR00191,EMP1015,Operations,ANNUAL,2025-01-27,2025-01-29,3,1,2025,1,Monday,APPROVED,21,0,Winter,2025-01-06
LR00192,EMP1015,Operations,ANNUAL,2025-08-07,2025-08-07,1,8,2025,3,Thursday,REJECTED,18,0,Summer,2025-07-20
LR00193,EMP1015,Operations,MATERNITY,2025-04-14,2025-05-28,45,4,2025,2,Monday,APPROVED,3,0,Spring,2025-04-11
LR00194,EMP1015,Operations,UNPAID,2025-04-12,2025-04-12,1,4,2025,2,Saturday,REJECTED,0,1,Spring,2025-04-12
LR00195,EMP1015,Operations,ANNUAL,2025-08-20,2025-08-20,1,8,2025,3,Wednesday,APPROVED,14,0,Summer,2025-08-06
LR00196,EMP1015,Operations,SICK,2025-03-08,2025-03-10,3,3,2025,1,Saturday,APPROVED,15,0,Spring,2025-02-21
LR00197,EMP1016,Operations,ANNUAL,2024-03-16,2024-03-18,3,3,2024,1,Saturday,REJECTED,24,0,Spring,2024-02-21
LR00198,EMP1016,Operations,ANNUAL,2024-06-24,2024-06-25,2,6,2024,2,Monday,APPROVED,9,0,Summer,2024-06-15
LR00199,EMP1016,Operations,SICK,2024-04-13,2024-04-14,2,4,2024,2,Saturday,PENDING,2,0,Spring,2024-04-11
LR00200,EMP1016,Operations,CASUAL,2024-01-30,2024-01-30,1,1,2024,1,Tuesday,APPROVED,4,0,Winter,2024-01-26
LR00201,EMP1016,Operations,ANNUAL,2024-10-18,2024-10-21,4,10,2024,4,Friday,APPROVED,0,1,Autumn,2024-10-18
LR00202,EMP1016,Operations,ANNUAL,2024-06-12,2024-06-16,5,6,2024,2,Wednesday,APPROVED,2,0,Summer,2024-06-10
LR00203,EMP1016,Operations,CASUAL,2025-11-09,2025-11-10,2,11,2025,4,Sunday,APPROVED,15,0,Autumn,2025-10-25
LR00204,EMP1016,Operations,UNPAID,2025-12-27,2025-12-28,2,12,2025,4,Saturday,APPROVED,20,0,Winter,2025-12-07
LR00205,EMP1016,Operations,ANNUAL,2025-05-09,2025-05-10,2,5,2025,2,Friday,APPROVED,17,0,Spring,2025-04-22
LR00206,EMP1016,Operations,MATERNITY,2025-11-02,2025-12-31,60,11,2025,4,Sunday,REJECTED,5,0,Autumn,2025-10-28
LR00207,EMP1016,Operations,ANNUAL,2025-03-06,2025-03-10,5,3,2025,1,Thursday,APPROVED,28,0,Spring,2025-02-06
LR00208,EMP1016,Operations,CASUAL,2025-12-10,2025-12-10,1,12,2025,4,Wednesday,APPROVED,14,0,Winter,2025-11-26
LR00209,EMP1017,Operations,UNPAID,2024-08-26,2024-08-27,2,8,2024,3,Monday,APPROVED,30,0,Summer,2024-07-27
LR00210,EMP1017,Operations,ANNUAL,2024-05-16,2024-05-17,2,5,2024,2,Thursday,REJECTED,7,0,Spring,2024-05-09
LR00211,EMP1017,Operations,ANNUAL,2024-05-05,2024-05-07,3,5,2024,2,Sunday,REJECTED,12,0,Spring,2024-04-23
LR00212,EMP1017,Operations,CASUAL,2024-08-27,2024-08-28,2,8,2024,3,Tuesday,APPROVED,0,1,Summer,2024-08-27
LR00213,EMP1017,Operations,ANNUAL,2024-12-12,2024-12-14,3,12,2024,4,Thursday,APPROVED,30,0,Winter,2024-11-12
LR00214,EMP1017,Operations,ANNUAL,2024-08-25,2024-08-25,1,8,2024,3,Sunday,APPROVED,9,0,Summer,2024-08-16
LR00215,EMP1017,Operations,SICK,2025-02-26,2025-02-26,1,2,2025,1,Wednesday,APPROVED,22,0,Winter,2025-02-04
LR00216,EMP1017,Operations,ANNUAL,2025-12-25,2025-12-28,4,12,2025,4,Thursday,APPROVED,9,0,Winter,2025-12-16
LR00217,EMP1017,Operations,CASUAL,2025-02-21,2025-02-21,1,2,2025,1,Friday,APPROVED,22,0,Winter,2025-01-30
LR00218,EMP1017,Operations,ANNUAL,2025-09-13,2025-09-14,2,9,2025,3,Saturday,APPROVED,12,0,Autumn,2025-09-01
LR00219,EMP1017,Operations,CASUAL,2025-09-18,2025-09-18,1,9,2025,3,Thursday,APPROVED,5,0,Autumn,2025-09-13
LR00220,EMP1017,Operations,SICK,2025-07-17,2025-07-19,3,7,2025,3,Thursday,APPROVED,24,0,Summer,2025-06-23
LR00221,EMP1018,Operations,UNPAID,2024-06-25,2024-06-25,1,6,2024,2,Tuesday,PENDING,19,0,Summer,2024-06-06
LR00222,EMP1018,Operations,UNPAID,2024-02-11,2024-02-11,1,2,2024,1,Sunday,REJECTED,2,0,Winter,2024-02-09
LR00223,EMP1018,Operations,CASUAL,2024-05-02,2024-05-02,1,5,2024,2,Thursday,APPROVED,20,0,Spring,2024-04-12
LR00224,EMP1018,Operations,SICK,2024-11-14,2024-11-15,2,11,2024,4,Thursday,APPROVED,3,0,Autumn,2024-11-11
LR00225,EMP1018,Operations,UNPAID,2024-03-30,2024-04-02,4,3,2024,1,Saturday,REJECTED,3,0,Spring,2024-03-27
LR00226,EMP1018,Operations,CASUAL,2024-04-21,2024-04-22,2,4,2024,2,Sunday,APPROVED,9,0,Spring,2024-04-12
LR00227,EMP1018,Operations,ANNUAL,2024-12-02,2024-12-05,4,12,2024,4,Monday,APPROVED,30,0,Winter,2024-11-02
LR00228,EMP1018,Operations,UNPAID,2024-12-30,2024-12-30,1,12,2024,4,Monday,REJECTED,14,0,Winter,2024-12-16
LR00229,EMP1018,Operations,SICK,2024-09-29,2024-09-30,2,9,2024,3,Sunday,APPROVED,0,1,Autumn,2024-09-29
LR00230,EMP1018,Operations,SICK,2025-07-19,2025-07-21,3,7,2025,3,Saturday,APPROVED,10,0,Summer,2025-07-09
LR00231,EMP1018,Operations,CASUAL,2025-11-28,2025-11-29,2,11,2025,4,Friday,APPROVED,29,0,Autumn,2025-10-30
LR00232,EMP1018,Operations,ANNUAL,2025-10-02,2025-10-02,1,10,2025,4,Thursday,APPROVED,5,0,Autumn,2025-09-27
LR00233,EMP1018,Operations,SICK,2025-02-08,2025-02-09,2,2,2025,1,Saturday,APPROVED,5,0,Winter,2025-02-03
LR00234,EMP1018,Operations,SICK,2025-05-06,2025-05-08,3,5,2025,2,Tuesday,APPROVED,10,0,Spring,2025-04-26
LR00235,EMP1018,Operations,ANNUAL,2025-05-21,2025-05-23,3,5,2025,2,Wednesday,APPROVED,26,0,Spring,2025-04-25
LR00236,EMP1018,Operations,CASUAL,2025-04-15,2025-04-15,1,4,2025,2,Tuesday,APPROVED,23,0,Spring,2025-03-23
LR00237,EMP1018,Operations,ANNUAL,2025-02-11,2025-02-13,3,2,2025,1,Tuesday,APPROVED,18,0,Winter,2025-01-24
LR00238,EMP1018,Operations,CASUAL,2025-05-19,2025-05-19,1,5,2025,2,Monday,APPROVED,10,0,Spring,2025-05-09
LR00239,EMP1019,Operations,SICK,2024-06-04,2024-06-05,2,6,2024,2,Tuesday,APPROVED,21,0,Summer,2024-05-14
LR00240,EMP1019,Operations,SICK,2024-12-02,2024-12-02,1,12,2024,4,Monday,APPROVED,26,0,Winter,2024-11-06
LR00241,EMP1019,Operations,SICK,2024-09-12,2024-09-13,2,9,2024,3,Thursday,APPROVED,23,0,Autumn,2024-08-20
LR00242,EMP1019,Operations,SICK,2024-06-12,2024-06-14,3,6,2024,2,Wednesday,APPROVED,7,0,Summer,2024-06-05
LR00243,EMP1019,Operations,ANNUAL,2024-12-16,2024-12-16,1,12,2024,4,Monday,REJECTED,27,0,Winter,2024-11-19
LR00244,EMP1019,Operations,SICK,2025-08-24,2025-08-25,2,8,2025,3,Sunday,APPROVED,8,0,Summer,2025-08-16
LR00245,EMP1019,Operations,ANNUAL,2025-10-07,2025-10-07,1,10,2025,4,Tuesday,APPROVED,29,0,Autumn,2025-09-08
LR00246,EMP1019,Operations,ANNUAL,2025-06-01,2025-06-05,5,6,2025,2,Sunday,PENDING,12,0,Summer,2025-05-20
LR00247,EMP1019,Operations,ANNUAL,2025-11-19,2025-11-23,5,11,2025,4,Wednesday,APPROVED,30,0,Autumn,2025-10-20
LR00248,EMP1019,Operations,ANNUAL,2025-12-13,2025-12-16,4,12,2025,4,Saturday,REJECTED,30,0,Winter,2025-11-13
LR00249,EMP1020,Operations,SICK,2024-03-09,2024-03-11,3,3,2024,1,Saturday,APPROVED,15,0,Spring,2024-02-23
LR00250,EMP1020,Operations,ANNUAL,2024-04-22,2024-04-24,3,4,2024,2,Monday,APPROVED,10,0,Spring,2024-04-12
LR00251,EMP1020,Operations,MATERNITY,2024-03-21,2024-06-16,88,3,2024,1,Thursday,APPROVED,3,0,Spring,2024-03-18
LR00252,EMP1020,Operations,UNPAID,2024-05-26,2024-05-28,3,5,2024,2,Sunday,APPROVED,24,0,Spring,2024-05-02
LR00253,EMP1020,Operations,MATERNITY,2024-11-12,2025-01-08,58,11,2024,4,Tuesday,APPROVED,24,0,Autumn,2024-10-19
LR00254,EMP1020,Operations,ANNUAL,2025-12-11,2025-12-12,2,12,2025,4,Thursday,PENDING,10,0,Winter,2025-12-01
LR00255,EMP1020,Operations,SICK,2025-11-23,2025-11-23,1,11,2025,4,Sunday,APPROVED,30,0,Autumn,2025-10-24
LR00256,EMP1020,Operations,CASUAL,2025-09-07,2025-09-07,1,9,2025,3,Sunday,REJECTED,10,0,Autumn,2025-08-28
LR00257,EMP1020,Operations,MATERNITY,2025-07-10,2025-09-27,80,7,2025,3,Thursday,APPROVED,10,0,Summer,2025-06-30
LR00258,EMP1020,Operations,ANNUAL,2025-12-13,2025-12-13,1,12,2025,4,Saturday,APPROVED,12,0,Winter,2025-12-01
LR00259,EMP1021,Operations,UNPAID,2024-04-02,2024-04-04,3,4,2024,2,Tuesday,APPROVED,7,0,Spring,2024-03-26
LR00260,EMP1021,Operations,SICK,2024-08-08,2024-08-10,3,8,2024,3,Thursday,PENDING,0,1,Summer,2024-08-08
LR00261,EMP1021,Operations,ANNUAL,2024-09-25,2024-09-28,4,9,2024,3,Wednesday,APPROVED,26,0,Autumn,2024-08-30
LR00262,EMP1021,Operations,CASUAL,2024-06-07,2024-06-07,1,6,2024,2,Friday,PENDING,24,0,Summer,2024-05-14
LR00263,EMP1021,Operations,CASUAL,2024-03-11,2024-03-12,2,3,2024,1,Monday,APPROVED,21,0,Spring,2024-02-19
LR00264,EMP1021,Operations,ANNUAL,2024-11-21,2024-11-25,5,11,2024,4,Thursday,APPROVED,28,0,Autumn,2024-10-24
LR00265,EMP1021,Operations,ANNUAL,2025-07-10,2025-07-11,2,7,2025,3,Thursday,APPROVED,6,0,Summer,2025-07-04
LR00266,EMP1021,Operations,ANNUAL,2025-08-24,2025-08-26,3,8,2025,3,Sunday,APPROVED,17,0,Summer,2025-08-07
LR00267,EMP1021,Operations,SICK,2025-12-23,2025-12-25,3,12,2025,4,Tuesday,APPROVED,29,0,Winter,2025-11-24
LR00268,EMP1021,Operations,ANNUAL,2025-08-04,2025-08-08,5,8,2025,3,Monday,APPROVED,26,0,Summer,2025-07-09
LR00269,EMP1021,Operations,MATERNITY,2025-11-03,2025-12-08,36,11,2025,4,Monday,APPROVED,18,0,Autumn,2025-10-16
LR00270,EMP1021,Operations,ANNUAL,2025-02-03,2025-02-05,3,2,2025,1,Monday,APPROVED,30,0,Winter,2025-01-04
LR00271,EMP1022,Operations,CASUAL,2024-09-10,2024-09-11,2,9,2024,3,Tuesday,REJECTED,18,0,Autumn,2024-08-23
LR00272,EMP1022,Operations,ANNUAL,2024-09-13,2024-09-13,1,9,2024,3,Friday,APPROVED,28,0,Autumn,2024-08-16
LR00273,EMP1022,Operations,CASUAL,2024-11-17,2024-11-18,2,11,2024,4,Sunday,APPROVED,24,0,Autumn,2024-10-24
LR00274,EMP1022,Operations,ANNUAL,2024-04-04,2024-04-06,3,4,2024,2,Thursday,APPROVED,19,0,Spring,2024-03-16
LR00275,EMP1022,Operations,CASUAL,2024-03-08,2024-03-09,2,3,2024,1,Friday,APPROVED,5,0,Spring,2024-03-03
LR00276,EMP1022,Operations,ANNUAL,2025-12-19,2025-12-19,1,12,2025,4,Friday,APPROVED,8,0,Winter,2025-12-11
LR00277,EMP1022,Operations,SICK,2025-06-13,2025-06-15,3,6,2025,2,Friday,APPROVED,28,0,Summer,2025-05-16
LR00278,EMP1022,Operations,ANNUAL,2025-06-28,2025-06-29,2,6,2025,2,Saturday,REJECTED,15,0,Summer,2025-06-13
LR00279,EMP1022,Operations,ANNUAL,2025-09-15,2025-09-15,1,9,2025,3,Monday,APPROVED,27,0,Autumn,2025-08-19
LR00280,EMP1022,Operations,CASUAL,2025-01-25,2025-01-25,1,1,2025,1,Saturday,APPROVED,9,0,Winter,2025-01-16
LR00281,EMP1023,Finance,ANNUAL,2024-10-18,2024-10-20,3,10,2024,4,Friday,REJECTED,23,0,Autumn,2024-09-25
LR00282,EMP1023,Finance,ANNUAL,2024-03-03,2024-03-07,5,3,2024,1,Sunday,APPROVED,2,0,Spring,2024-03-01
LR00283,EMP1023,Finance,SICK,2024-06-06,2024-06-07,2,6,2024,2,Thursday,APPROVED,0,1,Summer,2024-06-06
LR00284,EMP1023,Finance,SICK,2024-04-16,2024-04-17,2,4,2024,2,Tuesday,REJECTED,0,1,Spring,2024-04-16
LR00285,EMP1023,Finance,CASUAL,2024-03-09,2024-03-09,1,3,2024,1,Saturday,REJECTED,2,0,Spring,2024-03-07
LR00286,EMP1023,Finance,CASUAL,2024-03-11,2024-03-12,2,3,2024,1,Monday,APPROVED,17,0,Spring,2024-02-23
LR00287,EMP1023,Finance,CASUAL,2024-01-19,2024-01-19,1,1,2024,1,Friday,APPROVED,5,0,Winter,2024-01-14
LR00288,EMP1023,Finance,ANNUAL,2024-02-12,2024-02-15,4,2,2024,1,Monday,APPROVED,28,0,Winter,2024-01-15
LR00289,EMP1023,Finance,CASUAL,2024-12-23,2024-12-24,2,12,2024,4,Monday,APPROVED,12,0,Winter,2024-12-11
LR00290,EMP1023,Finance,SICK,2025-01-29,2025-01-29,1,1,2025,1,Wednesday,APPROVED,10,0,Winter,2025-01-19
LR00291,EMP1023,Finance,ANNUAL,2025-07-17,2025-07-20,4,7,2025,3,Thursday,REJECTED,23,0,Summer,2025-06-24
LR00292,EMP1023,Finance,SICK,2025-11-10,2025-11-10,1,11,2025,4,Monday,REJECTED,10,0,Autumn,2025-10-31
LR00293,EMP1023,Finance,ANNUAL,2025-07-11,2025-07-11,1,7,2025,3,Friday,APPROVED,3,0,Summer,2025-07-08
LR00294,EMP1023,Finance,ANNUAL,2025-07-22,2025-07-22,1,7,2025,3,Tuesday,APPROVED,9,0,Summer,2025-07-13
LR00295,EMP1023,Finance,ANNUAL,2025-08-01,2025-08-02,2,8,2025,3,Friday,APPROVED,3,0,Summer,2025-07-29
LR00296,EMP1023,Finance,SICK,2025-11-04,2025-11-04,1,11,2025,4,Tuesday,APPROVED,4,0,Autumn,2025-10-31
LR00297,EMP1023,Finance,UNPAID,2025-01-15,2025-01-18,4,1,2025,1,Wednesday,REJECTED,14,0,Winter,2025-01-01
LR00298,EMP1023,Finance,CASUAL,2025-02-19,2025-02-19,1,2,2025,1,Wednesday,REJECTED,19,0,Winter,2025-01-31
LR00299,EMP1024,Finance,ANNUAL,2024-05-09,2024-05-11,3,5,2024,2,Thursday,APPROVED,19,0,Spring,2024-04-20
LR00300,EMP1024,Finance,ANNUAL,2024-08-26,2024-08-29,4,8,2024,3,Monday,APPROVED,29,0,Summer,2024-07-28
LR00301,EMP1024,Finance,ANNUAL,2024-09-15,2024-09-16,2,9,2024,3,Sunday,APPROVED,21,0,Autumn,2024-08-25
LR00302,EMP1024,Finance,SICK,2024-08-27,2024-08-29,3,8,2024,3,Tuesday,APPROVED,7,0,Summer,2024-08-20
LR00303,EMP1024,Finance,ANNUAL,2024-09-11,2024-09-12,2,9,2024,3,Wednesday,PENDING,19,0,Autumn,2024-08-23
LR00304,EMP1024,Finance,ANNUAL,2024-07-12,2024-07-16,5,7,2024,3,Friday,APPROVED,8,0,Summer,2024-07-04
LR00305,EMP1024,Finance,ANNUAL,2024-12-09,2024-12-11,3,12,2024,4,Monday,APPROVED,4,0,Winter,2024-12-05
LR00306,EMP1024,Finance,PATERNITY,2024-09-24,2024-09-26,3,9,2024,3,Tuesday,PENDING,27,0,Autumn,2024-08-28
LR00307,EMP1024,Finance,CASUAL,2025-07-05,2025-07-06,2,7,2025,3,Saturday,APPROVED,4,0,Summer,2025-07-01
LR00308,EMP1024,Finance,UNPAID,2025-11-01,2025-11-02,2,11,2025,4,Saturday,APPROVED,27,0,Autumn,2025-10-05
LR00309,EMP1024,Finance,UNPAID,2025-06-24,2025-06-27,4,6,2025,2,Tuesday,APPROVED,21,0,Summer,2025-06-03
LR00310,EMP1024,Finance,SICK,2025-08-09,2025-08-10,2,8,2025,3,Saturday,REJECTED,2,0,Summer,2025-08-07
LR00311,EMP1024,Finance,CASUAL,2025-12-27,2025-12-27,1,12,2025,4,Saturday,APPROVED,24,0,Winter,2025-12-03
LR00312,EMP1024,Finance,ANNUAL,2025-08-06,2025-08-07,2,8,2025,3,Wednesday,REJECTED,3,0,Summer,2025-08-03
LR00313,EMP1024,Finance,CASUAL,2025-05-10,2025-05-10,1,5,2025,2,Saturday,APPROVED,13,0,Spring,2025-04-27
LR00314,EMP1024,Finance,CASUAL,2025-07-22,2025-07-23,2,7,2025,3,Tuesday,APPROVED,12,0,Summer,2025-07-10
LR00315,EMP1025,Finance,CASUAL,2024-11-22,2024-11-23,2,11,2024,4,Friday,APPROVED,0,1,Autumn,2024-11-22
LR00316,EMP1025,Finance,SICK,2024-11-01,2024-11-02,2,11,2024,4,Friday,APPROVED,26,0,Autumn,2024-10-06
LR00317,EMP1025,Finance,CASUAL,2024-07-14,2024-07-14,1,7,2024,3,Sunday,APPROVED,22,0,Summer,2024-06-22
LR00318,EMP1025,Finance,MATERNITY,2024-02-25,2024-05-01,67,2,2024,1,Sunday,APPROVED,11,0,Winter,2024-02-14
LR00319,EMP1025,Finance,SICK,2024-07-01,2024-07-03,3,7,2024,3,Monday,APPROVED,28,0,Summer,2024-06-03
LR00320,EMP1025,Finance,CASUAL,2024-11-23,2024-11-23,1,11,2024,4,Saturday,APPROVED,11,0,Autumn,2024-11-12
LR00321,EMP1025,Finance,ANNUAL,2024-05-26,2024-05-30,5,5,2024,2,Sunday,REJECTED,19,0,Spring,2024-05-07
LR00322,EMP1025,Finance,ANNUAL,2024-04-21,2024-04-21,1,4,2024,2,Sunday,APPROVED,23,0,Spring,2024-03-29
LR00323,EMP1025,Finance,SICK,2024-04-08,2024-04-08,1,4,2024,2,Monday,APPROVED,0,1,Spring,2024-04-08
LR00324,EMP1025,Finance,CASUAL,2024-06-19,2024-06-19,1,6,2024,2,Wednesday,APPROVED,10,0,Summer,2024-06-09
LR00325,EMP1025,Finance,ANNUAL,2025-12-26,2025-12-29,4,12,2025,4,Friday,APPROVED,0,1,Winter,2025-12-26
LR00326,EMP1025,Finance,SICK,2025-03-04,2025-03-04,1,3,2025,1,Tuesday,PENDING,0,1,Spring,2025-03-04
LR00327,EMP1025,Finance,CASUAL,2025-01-02,2025-01-02,1,1,2025,1,Thursday,APPROVED,1,0,Winter,2025-01-01
LR00328,EMP1025,Finance,MATERNITY,2025-09-10,2025-11-20,72,9,2025,3,Wednesday,APPROVED,19,0,Autumn,2025-08-22
LR00329,EMP1025,Finance,ANNUAL,2025-04-02,2025-04-06,5,4,2025,2,Wednesday,APPROVED,25,0,Spring,2025-03-08
LR00330,EMP1025,Finance,ANNUAL,2025-05-18,2025-05-20,3,5,2025,2,Sunday,REJECTED,11,0,Spring,2025-05-07
LR00331,EMP1025,Finance,ANNUAL,2025-03-29,2025-03-31,3,3,2025,1,Saturday,APPROVED,26,0,Spring,2025-03-03
LR00332,EMP1025,Finance,UNPAID,2025-05-10,2025-05-12,3,5,2025,2,Saturday,REJECTED,26,0,Spring,2025-04-14
LR00333,EMP1025,Finance,ANNUAL,2025-03-09,2025-03-13,5,3,2025,1,Sunday,REJECTED,0,1,Spring,2025-03-09
LR00334,EMP1025,Finance,ANNUAL,2025-02-26,2025-02-26,1,2,2025,1,Wednesday,APPROVED,25,0,Winter,2025-02-01
LR00335,EMP1026,Finance,CASUAL,2024-05-09,2024-05-10,2,5,2024,2,Thursday,REJECTED,14,0,Spring,2024-04-25
LR00336,EMP1026,Finance,CASUAL,2024-12-24,2024-12-24,1,12,2024,4,Tuesday,REJECTED,0,1,Winter,2024-12-24
LR00337,EMP1026,Finance,SICK,2024-04-13,2024-04-13,1,4,2024,2,Saturday,APPROVED,23,0,Spring,2024-03-21
LR00338,EMP1026,Finance,ANNUAL,2024-09-29,2024-09-30,2,9,2024,3,Sunday,APPROVED,21,0,Autumn,2024-09-08
LR00339,EMP1026,Finance,ANNUAL,2024-07-13,2024-07-16,4,7,2024,3,Saturday,PENDING,2,0,Summer,2024-07-11
LR00340,EMP1026,Finance,SICK,2025-08-15,2025-08-16,2,8,2025,3,Friday,APPROVED,13,0,Summer,2025-08-02
LR00341,EMP1026,Finance,CASUAL,2025-07-21,2025-07-21,1,7,2025,3,Monday,APPROVED,25,0,Summer,2025-06-26
LR00342,EMP1026,Finance,ANNUAL,2025-10-09,2025-10-12,4,10,2025,4,Thursday,APPROVED,12,0,Autumn,2025-09-27
LR00343,EMP1026,Finance,ANNUAL,2025-01-15,2025-01-18,4,1,2025,1,Wednesday,REJECTED,2,0,Winter,2025-01-13
LR00344,EMP1026,Finance,CASUAL,2025-06-13,2025-06-13,1,6,2025,2,Friday,APPROVED,7,0,Summer,2025-06-06
LR00345,EMP1027,Finance,ANNUAL,2024-05-15,2024-05-19,5,5,2024,2,Wednesday,APPROVED,25,0,Spring,2024-04-20
LR00346,EMP1027,Finance,CASUAL,2024-05-27,2024-05-28,2,5,2024,2,Monday,APPROVED,30,0,Spring,2024-04-27
LR00347,EMP1027,Finance,ANNUAL,2024-08-20,2024-08-20,1,8,2024,3,Tuesday,APPROVED,12,0,Summer,2024-08-08
LR00348,EMP1027,Finance,SICK,2024-08-10,2024-08-10,1,8,2024,3,Saturday,PENDING,27,0,Summer,2024-07-14
LR00349,EMP1027,Finance,UNPAID,2024-09-22,2024-09-23,2,9,2024,3,Sunday,APPROVED,8,0,Autumn,2024-09-14
LR00350,EMP1027,Finance,UNPAID,2024-03-07,2024-03-07,1,3,2024,1,Thursday,REJECTED,15,0,Spring,2024-02-21
LR00351,EMP1027,Finance,ANNUAL,2024-01-02,2024-01-06,5,1,2024,1,Tuesday,APPROVED,6,0,Winter,2023-12-27
LR00352,EMP1027,Finance,ANNUAL,2024-03-13,2024-03-16,4,3,2024,1,Wednesday,APPROVED,8,0,Spring,2024-03-05
LR00353,EMP1027,Finance,CASUAL,2024-05-11,2024-05-11,1,5,2024,2,Saturday,APPROVED,28,0,Spring,2024-04-13
LR00354,EMP1027,Finance,CASUAL,2024-04-25,2024-04-25,1,4,2024,2,Thursday,CANCELLED,13,0,Spring,2024-04-12
LR00355,EMP1027,Finance,CASUAL,2024-04-25,2024-04-25,1,4,2024,2,Thursday,APPROVED,6,0,Spring,2024-04-19
LR00356,EMP1027,Finance,CASUAL,2024-12-01,2024-12-02,2,12,2024,4,Sunday,REJECTED,23,0,Winter,2024-11-08
LR00357,EMP1027,Finance,CASUAL,2025-10-27,2025-10-27,1,10,2025,4,Monday,APPROVED,14,0,Autumn,2025-10-13
LR00358,EMP1027,Finance,SICK,2025-06-02,2025-06-04,3,6,2025,2,Monday,APPROVED,22,0,Summer,2025-05-11
LR00359,EMP1027,Finance,ANNUAL,2025-01-19,2025-01-21,3,1,2025,1,Sunday,APPROVED,0,1,Winter,2025-01-19
LR00360,EMP1027,Finance,CASUAL,2025-09-08,2025-09-09,2,9,2025,3,Monday,APPROVED,12,0,Autumn,2025-08-27
LR00361,EMP1027,Finance,CASUAL,2025-07-22,2025-07-23,2,7,2025,3,Tuesday,APPROVED,30,0,Summer,2025-06-22
LR00362,EMP1027,Finance,ANNUAL,2025-02-25,2025-02-28,4,2,2025,1,Tuesday,REJECTED,11,0,Winter,2025-02-14
LR00363,EMP1027,Finance,ANNUAL,2025-08-12,2025-08-13,2,8,2025,3,Tuesday,APPROVED,20,0,Summer,2025-07-23
LR00364,EMP1027,Finance,SICK,2025-06-18,2025-06-20,3,6,2025,2,Wednesday,APPROVED,10,0,Summer,2025-06-08
LR00365,EMP1027,Finance,SICK,2025-03-13,2025-03-15,3,3,2025,1,Thursday,APPROVED,1,0,Spring,2025-03-12
LR00366,EMP1027,Finance,ANNUAL,2025-04-29,2025-05-02,4,4,2025,2,Tuesday,APPROVED,26,0,Spring,2025-04-03
LR00367,EMP1027,Finance,SICK,2025-12-12,2025-12-12,1,12,2025,4,Friday,APPROVED,21,0,Winter,2025-11-21
LR00368,EMP1027,Finance,CASUAL,2025-09-16,2025-09-17,2,9,2025,3,Tuesday,APPROVED,14,0,Autumn,2025-09-02
LR00369,EMP1028,Finance,CASUAL,2024-04-24,2024-04-25,2,4,2024,2,Wednesday,APPROVED,16,0,Spring,2024-04-08
LR00370,EMP1028,Finance,CASUAL,2024-11-07,2024-11-07,1,11,2024,4,Thursday,APPROVED,25,0,Autumn,2024-10-13
LR00371,EMP1028,Finance,CASUAL,2024-11-05,2024-11-06,2,11,2024,4,Tuesday,APPROVED,29,0,Autumn,2024-10-07
LR00372,EMP1028,Finance,SICK,2024-06-02,2024-06-03,2,6,2024,2,Sunday,APPROVED,15,0,Summer,2024-05-18
LR00373,EMP1028,Finance,SICK,2025-08-14,2025-08-14,1,8,2025,3,Thursday,PENDING,20,0,Summer,2025-07-25
LR00374,EMP1028,Finance,CASUAL,2025-06-04,2025-06-05,2,6,2025,2,Wednesday,APPROVED,0,1,Summer,2025-06-04
LR00375,EMP1028,Finance,ANNUAL,2025-12-30,2025-12-31,2,12,2025,4,Tuesday,APPROVED,20,0,Winter,2025-12-10
LR00376,EMP1028,Finance,SICK,2025-06-24,2025-06-26,3,6,2025,2,Tuesday,APPROVED,21,0,Summer,2025-06-03
LR00377,EMP1029,Finance,CASUAL,2024-09-07,2024-09-08,2,9,2024,3,Saturday,APPROVED,7,0,Autumn,2024-08-31
LR00378,EMP1029,Finance,ANNUAL,2024-07-06,2024-07-09,4,7,2024,3,Saturday,APPROVED,1,0,Summer,2024-07-05
LR00379,EMP1029,Finance,ANNUAL,2024-07-18,2024-07-19,2,7,2024,3,Thursday,APPROVED,13,0,Summer,2024-07-05
LR00380,EMP1029,Finance,SICK,2024-10-04,2024-10-05,2,10,2024,4,Friday,APPROVED,8,0,Autumn,2024-09-26
LR00381,EMP1029,Finance,SICK,2024-04-28,2024-04-29,2,4,2024,2,Sunday,APPROVED,3,0,Spring,2024-04-25
LR00382,EMP1029,Finance,ANNUAL,2024-05-23,2024-05-27,5,5,2024,2,Thursday,REJECTED,22,0,Spring,2024-05-01
LR00383,EMP1029,Finance,ANNUAL,2025-12-24,2025-12-24,1,12,2025,4,Wednesday,APPROVED,6,0,Winter,2025-12-18
LR00384,EMP1029,Finance,SICK,2025-10-30,2025-11-01,3,10,2025,4,Thursday,APPROVED,19,0,Autumn,2025-10-11
LR00385,EMP1029,Finance,MATERNITY,2025-01-05,2025-03-13,68,1,2025,1,Sunday,PENDING,17,0,Winter,2024-12-19
LR00386,EMP1029,Finance,ANNUAL,2025-02-12,2025-02-14,3,2,2025,1,Wednesday,APPROVED,5,0,Winter,2025-02-07
LR00387,EMP1029,Finance,ANNUAL,2025-08-15,2025-08-18,4,8,2025,3,Friday,APPROVED,26,0,Summer,2025-07-20
LR00388,EMP1029,Finance,ANNUAL,2025-06-26,2025-06-29,4,6,2025,2,Thursday,PENDING,0,1,Summer,2025-06-26
LR00389,EMP1030,Finance,SICK,2024-05-16,2024-05-17,2,5,2024,2,Thursday,APPROVED,0,1,Spring,2024-05-16
LR00390,EMP1030,Finance,ANNUAL,2024-11-08,2024-11-12,5,11,2024,4,Friday,APPROVED,7,0,Autumn,2024-11-01
LR00391,EMP1030,Finance,ANNUAL,2024-08-10,2024-08-14,5,8,2024,3,Saturday,APPROVED,21,0,Summer,2024-07-20
LR00392,EMP1030,Finance,ANNUAL,2024-09-14,2024-09-14,1,9,2024,3,Saturday,REJECTED,12,0,Autumn,2024-09-02
LR00393,EMP1030,Finance,SICK,2024-03-11,2024-03-13,3,3,2024,1,Monday,APPROVED,19,0,Spring,2024-02-21
LR00394,EMP1030,Finance,CASUAL,2024-10-18,2024-10-18,1,10,2024,4,Friday,REJECTED,27,0,Autumn,2024-09-21
LR00395,EMP1030,Finance,CASUAL,2024-01-27,2024-01-27,1,1,2024,1,Saturday,APPROVED,1,0,Winter,2024-01-26
LR00396,EMP1030,Finance,CASUAL,2025-06-10,2025-06-10,1,6,2025,2,Tuesday,APPROVED,0,1,Summer,2025-06-10
LR00397,EMP1030,Finance,SICK,2025-03-03,2025-03-05,3,3,2025,1,Monday,PENDING,22,0,Spring,2025-02-09
LR00398,EMP1030,Finance,ANNUAL,2025-10-02,2025-10-04,3,10,2025,4,Thursday,APPROVED,3,0,Autumn,2025-09-29
LR00399,EMP1030,Finance,CASUAL,2025-03-25,2025-03-25,1,3,2025,1,Tuesday,APPROVED,30,0,Spring,2025-02-23
LR00400,EMP1030,Finance,ANNUAL,2025-07-17,2025-07-21,5,7,2025,3,Thursday,APPROVED,4,0,Summer,2025-07-13
LR00401,EMP1030,Finance,MATERNITY,2025-08-20,2025-09-30,42,8,2025,3,Wednesday,APPROVED,2,0,Summer,2025-08-18
LR00402,EMP1030,Finance,UNPAID,2025-10-27,2025-10-28,2,10,2025,4,Monday,APPROVED,14,0,Autumn,2025-10-13
LR00403,EMP1031,HR,ANNUAL,2024-06-22,2024-06-26,5,6,2024,2,Saturday,APPROVED,15,0,Summer,2024-06-07
LR00404,EMP1031,HR,ANNUAL,2024-01-11,2024-01-13,3,1,2024,1,Thursday,REJECTED,7,0,Winter,2024-01-04
LR00405,EMP1031,HR,ANNUAL,2024-08-24,2024-08-26,3,8,2024,3,Saturday,APPROVED,6,0,Summer,2024-08-18
LR00406,EMP1031,HR,SICK,2024-06-08,2024-06-08,1,6,2024,2,Saturday,APPROVED,1,0,Summer,2024-06-07
LR00407,EMP1031,HR,ANNUAL,2024-06-14,2024-06-16,3,6,2024,2,Friday,REJECTED,29,0,Summer,2024-05-16
LR00408,EMP1031,HR,CASUAL,2024-05-08,2024-05-09,2,5,2024,2,Wednesday,APPROVED,26,0,Spring,2024-04-12
LR00409,EMP1031,HR,SICK,2024-11-01,2024-11-02,2,11,2024,4,Friday,PENDING,3,0,Autumn,2024-10-29
LR00410,EMP1031,HR,CASUAL,2025-02-06,2025-02-07,2,2,2025,1,Thursday,APPROVED,10,0,Winter,2025-01-27
LR00411,EMP1031,HR,ANNUAL,2025-11-12,2025-11-12,1,11,2025,4,Wednesday,APPROVED,27,0,Autumn,2025-10-16
LR00412,EMP1031,HR,ANNUAL,2025-04-03,2025-04-05,3,4,2025,2,Thursday,APPROVED,21,0,Spring,2025-03-13
LR00413,EMP1031,HR,UNPAID,2025-12-21,2025-12-23,3,12,2025,4,Sunday,APPROVED,26,0,Winter,2025-11-25
LR00414,EMP1031,HR,ANNUAL,2025-06-23,2025-06-24,2,6,2025,2,Monday,APPROVED,22,0,Summer,2025-06-01
LR00415,EMP1031,HR,SICK,2025-07-17,2025-07-19,3,7,2025,3,Thursday,APPROVED,25,0,Summer,2025-06-22
LR00416,EMP1031,HR,CASUAL,2025-12-11,2025-12-12,2,12,2025,4,Thursday,APPROVED,24,0,Winter,2025-11-17
LR00417,EMP1032,HR,ANNUAL,2024-07-21,2024-07-24,4,7,2024,3,Sunday,REJECTED,26,0,Summer,2024-06-25
LR00418,EMP1032,HR,CASUAL,2024-07-28,2024-07-28,1,7,2024,3,Sunday,APPROVED,4,0,Summer,2024-07-24
LR00419,EMP1032,HR,ANNUAL,2024-08-12,2024-08-16,5,8,2024,3,Monday,APPROVED,12,0,Summer,2024-07-31
LR00420,EMP1032,HR,CASUAL,2024-08-22,2024-08-22,1,8,2024,3,Thursday,APPROVED,22,0,Summer,2024-07-31
LR00421,EMP1032,HR,ANNUAL,2025-07-29,2025-07-30,2,7,2025,3,Tuesday,APPROVED,25,0,Summer,2025-07-04
LR00422,EMP1032,HR,CASUAL,2025-04-17,2025-04-18,2,4,2025,2,Thursday,REJECTED,9,0,Spring,2025-04-08
LR00423,EMP1032,HR,ANNUAL,2025-06-05,2025-06-05,1,6,2025,2,Thursday,APPROVED,6,0,Summer,2025-05-30
LR00424,EMP1032,HR,SICK,2025-04-04,2025-04-05,2,4,2025,2,Friday,APPROVED,18,0,Spring,2025-03-17
LR00425,EMP1033,HR,SICK,2024-06-10,2024-06-10,1,6,2024,2,Monday,APPROVED,26,0,Summer,2024-05-15
LR00426,EMP1033,HR,SICK,2024-12-17,2024-12-19,3,12,2024,4,Tuesday,REJECTED,28,0,Winter,2024-11-19
LR00427,EMP1033,HR,CASUAL,2024-11-22,2024-11-23,2,11,2024,4,Friday,APPROVED,0,1,Autumn,2024-11-22
LR00428,EMP1033,HR,CASUAL,2024-07-12,2024-07-13,2,7,2024,3,Friday,REJECTED,9,0,Summer,2024-07-03
LR00429,EMP1033,HR,CASUAL,2024-11-27,2024-11-28,2,11,2024,4,Wednesday,APPROVED,21,0,Autumn,2024-11-06
LR00430,EMP1033,HR,SICK,2024-03-19,2024-03-20,2,3,2024,1,Tuesday,PENDING,30,0,Spring,2024-02-18
LR00431,EMP1033,HR,ANNUAL,2024-08-14,2024-08-17,4,8,2024,3,Wednesday,PENDING,14,0,Summer,2024-07-31
LR00432,EMP1033,HR,PATERNITY,2024-03-25,2024-03-27,3,3,2024,1,Monday,PENDING,3,0,Spring,2024-03-22
LR00433,EMP1033,HR,SICK,2025-05-24,2025-05-26,3,5,2025,2,Saturday,APPROVED,30,0,Spring,2025-04-24
LR00434,EMP1033,HR,ANNUAL,2025-08-06,2025-08-09,4,8,2025,3,Wednesday,REJECTED,28,0,Summer,2025-07-09
LR00435,EMP1033,HR,SICK,2025-04-16,2025-04-16,1,4,2025,2,Wednesday,REJECTED,22,0,Spring,2025-03-25
LR00436,EMP1033,HR,ANNUAL,2025-12-30,2025-12-31,2,12,2025,4,Tuesday,PENDING,30,0,Winter,2025-11-30
LR00437,EMP1033,HR,ANNUAL,2025-01-10,2025-01-10,1,1,2025,1,Friday,REJECTED,27,0,Winter,2024-12-14
LR00438,EMP1033,HR,CASUAL,2025-11-18,2025-11-18,1,11,2025,4,Tuesday,PENDING,15,0,Autumn,2025-11-03
LR00439,EMP1033,HR,ANNUAL,2025-10-24,2025-10-25,2,10,2025,4,Friday,APPROVED,5,0,Autumn,2025-10-19
LR00440,EMP1033,HR,SICK,2025-02-21,2025-02-22,2,2,2025,1,Friday,APPROVED,29,0,Winter,2025-01-23
LR00441,EMP1034,HR,SICK,2024-03-23,2024-03-23,1,3,2024,1,Saturday,APPROVED,23,0,Spring,2024-02-29
LR00442,EMP1034,HR,CASUAL,2024-06-19,2024-06-20,2,6,2024,2,Wednesday,PENDING,9,0,Summer,2024-06-10
LR00443,EMP1034,HR,SICK,2024-02-13,2024-02-15,3,2,2024,1,Tuesday,APPROVED,7,0,Winter,2024-02-06
LR00444,EMP1034,HR,SICK,2024-10-16,2024-10-18,3,10,2024,4,Wednesday,APPROVED,2,0,Autumn,2024-10-14
LR00445,EMP1034,HR,SICK,2024-08-08,2024-08-09,2,8,2024,3,Thursday,CANCELLED,7,0,Summer,2024-08-01
LR00446,EMP1034,HR,CASUAL,2024-12-03,2024-12-03,1,12,2024,4,Tuesday,APPROVED,29,0,Winter,2024-11-04
LR00447,EMP1034,HR,SICK,2024-01-03,2024-01-05,3,1,2024,1,Wednesday,APPROVED,18,0,Winter,2023-12-16
LR00448,EMP1034,HR,SICK,2025-10-25,2025-10-27,3,10,2025,4,Saturday,PENDING,2,0,Autumn,2025-10-23
LR00449,EMP1034,HR,MATERNITY,2025-08-17,2025-11-03,79,8,2025,3,Sunday,APPROVED,21,0,Summer,2025-07-27
LR00450,EMP1034,HR,CASUAL,2025-03-13,2025-03-14,2,3,2025,1,Thursday,APPROVED,4,0,Spring,2025-03-09
LR00451,EMP1034,HR,SICK,2025-02-22,2025-02-23,2,2,2025,1,Saturday,APPROVED,8,0,Winter,2025-02-14
LR00452,EMP1034,HR,SICK,2025-03-26,2025-03-27,2,3,2025,1,Wednesday,APPROVED,25,0,Spring,2025-03-01
LR00453,EMP1034,HR,SICK,2025-11-19,2025-11-20,2,11,2025,4,Wednesday,APPROVED,24,0,Autumn,2025-10-26
LR00454,EMP1034,HR,ANNUAL,2025-07-06,2025-07-07,2,7,2025,3,Sunday,REJECTED,7,0,Summer,2025-06-29
LR00455,EMP1035,HR,ANNUAL,2024-05-08,2024-05-12,5,5,2024,2,Wednesday,PENDING,20,0,Spring,2024-04-18
LR00456,EMP1035,HR,CASUAL,2024-08-27,2024-08-28,2,8,2024,3,Tuesday,CANCELLED,14,0,Summer,2024-08-13
LR00457,EMP1035,HR,ANNUAL,2024-01-27,2024-01-29,3,1,2024,1,Saturday,APPROVED,17,0,Winter,2024-01-10
LR00458,EMP1035,HR,ANNUAL,2024-04-19,2024-04-22,4,4,2024,2,Friday,REJECTED,2,0,Spring,2024-04-17
LR00459,EMP1035,HR,ANNUAL,2024-04-08,2024-04-08,1,4,2024,2,Monday,APPROVED,19,0,Spring,2024-03-20
LR00460,EMP1035,HR,ANNUAL,2024-08-10,2024-08-14,5,8,2024,3,Saturday,APPROVED,5,0,Summer,2024-08-05
LR00461,EMP1035,HR,SICK,2025-02-24,2025-02-24,1,2,2025,1,Monday,REJECTED,14,0,Winter,2025-02-10
LR00462,EMP1035,HR,UNPAID,2025-01-24,2025-01-26,3,1,2025,1,Friday,CANCELLED,27,0,Winter,2024-12-28
LR00463,EMP1035,HR,CASUAL,2025-11-17,2025-11-18,2,11,2025,4,Monday,APPROVED,0,1,Autumn,2025-11-17
LR00464,EMP1035,HR,SICK,2025-05-13,2025-05-15,3,5,2025,2,Tuesday,APPROVED,11,0,Spring,2025-05-02
LR00465,EMP1035,HR,CASUAL,2025-06-23,2025-06-24,2,6,2025,2,Monday,REJECTED,29,0,Summer,2025-05-25
LR00466,EMP1035,HR,SICK,2025-09-18,2025-09-19,2,9,2025,3,Thursday,PENDING,15,0,Autumn,2025-09-03
LR00467,EMP1036,HR,SICK,2024-06-01,2024-06-01,1,6,2024,2,Saturday,APPROVED,25,0,Summer,2024-05-07
LR00468,EMP1036,HR,CASUAL,2024-01-26,2024-01-27,2,1,2024,1,Friday,REJECTED,28,0,Winter,2023-12-29
LR00469,EMP1036,HR,CASUAL,2024-11-12,2024-11-12,1,11,2024,4,Tuesday,APPROVED,26,0,Autumn,2024-10-17
LR00470,EMP1036,HR,CASUAL,2024-02-15,2024-02-15,1,2,2024,1,Thursday,APPROVED,10,0,Winter,2024-02-05
LR00471,EMP1036,HR,CASUAL,2024-10-19,2024-10-19,1,10,2024,4,Saturday,APPROVED,2,0,Autumn,2024-10-17
LR00472,EMP1036,HR,CASUAL,2024-08-27,2024-08-28,2,8,2024,3,Tuesday,APPROVED,7,0,Summer,2024-08-20
LR00473,EMP1036,HR,UNPAID,2024-08-19,2024-08-21,3,8,2024,3,Monday,APPROVED,8,0,Summer,2024-08-11
LR00474,EMP1036,HR,CASUAL,2025-04-14,2025-04-15,2,4,2025,2,Monday,APPROVED,13,0,Spring,2025-04-01
LR00475,EMP1036,HR,PATERNITY,2025-06-26,2025-06-29,4,6,2025,2,Thursday,APPROVED,16,0,Summer,2025-06-10
LR00476,EMP1036,HR,CASUAL,2025-11-14,2025-11-15,2,11,2025,4,Friday,APPROVED,17,0,Autumn,2025-10-28
LR00477,EMP1036,HR,ANNUAL,2025-01-02,2025-01-03,2,1,2025,1,Thursday,APPROVED,11,0,Winter,2024-12-22
LR00478,EMP1036,HR,ANNUAL,2025-07-09,2025-07-09,1,7,2025,3,Wednesday,APPROVED,25,0,Summer,2025-06-14
LR00479,EMP1036,HR,ANNUAL,2025-04-20,2025-04-24,5,4,2025,2,Sunday,APPROVED,27,0,Spring,2025-03-24
LR00480,EMP1036,HR,ANNUAL,2025-12-05,2025-12-09,5,12,2025,4,Friday,CANCELLED,25,0,Winter,2025-11-10
LR00481,EMP1037,HR,CASUAL,2024-04-17,2024-04-18,2,4,2024,2,Wednesday,APPROVED,15,0,Spring,2024-04-02
LR00482,EMP1037,HR,ANNUAL,2024-12-19,2024-12-23,5,12,2024,4,Thursday,REJECTED,10,0,Winter,2024-12-09
LR00483,EMP1037,HR,ANNUAL,2024-08-18,2024-08-21,4,8,2024,3,Sunday,APPROVED,2,0,Summer,2024-08-16
LR00484,EMP1037,HR,CASUAL,2024-10-02,2024-10-02,1,10,2024,4,Wednesday,APPROVED,22,0,Autumn,2024-09-10
LR00485,EMP1037,HR,SICK,2024-01-30,2024-01-30,1,1,2024,1,Tuesday,APPROVED,23,0,Winter,2024-01-07
LR00486,EMP1037,HR,SICK,2024-03-23,2024-03-25,3,3,2024,1,Saturday,CANCELLED,2,0,Spring,2024-03-21
LR00487,EMP1037,HR,ANNUAL,2024-08-09,2024-08-12,4,8,2024,3,Friday,APPROVED,0,1,Summer,2024-08-09
LR00488,EMP1037,HR,SICK,2025-06-22,2025-06-22,1,6,2025,2,Sunday,REJECTED,16,0,Summer,2025-06-06
LR00489,EMP1037,HR,CASUAL,2025-08-06,2025-08-06,1,8,2025,3,Wednesday,APPROVED,24,0,Summer,2025-07-13
LR00490,EMP1037,HR,ANNUAL,2025-09-28,2025-09-28,1,9,2025,3,Sunday,REJECTED,21,0,Autumn,2025-09-07
LR00491,EMP1037,HR,ANNUAL,2025-04-21,2025-04-21,1,4,2025,2,Monday,APPROVED,11,0,Spring,2025-04-10
LR00492,EMP1037,HR,SICK,2025-07-26,2025-07-28,3,7,2025,3,Saturday,APPROVED,10,0,Summer,2025-07-16
LR00493,EMP1037,HR,ANNUAL,2025-07-19,2025-07-19,1,7,2025,3,Saturday,APPROVED,12,0,Summer,2025-07-07
LR00494,EMP1037,HR,SICK,2025-07-05,2025-07-06,2,7,2025,3,Saturday,APPROVED,15,0,Summer,2025-06-20
LR00495,EMP1038,HR,ANNUAL,2024-08-24,2024-08-26,3,8,2024,3,Saturday,APPROVED,1,0,Summer,2024-08-23
LR00496,EMP1038,HR,PATERNITY,2024-07-21,2024-07-23,3,7,2024,3,Sunday,APPROVED,27,0,Summer,2024-06-24
LR00497,EMP1038,HR,CASUAL,2024-06-02,2024-06-02,1,6,2024,2,Sunday,APPROVED,29,0,Summer,2024-05-04
LR00498,EMP1038,HR,CASUAL,2024-08-07,2024-08-08,2,8,2024,3,Wednesday,APPROVED,15,0,Summer,2024-07-23
LR00499,EMP1038,HR,ANNUAL,2024-08-23,2024-08-27,5,8,2024,3,Friday,PENDING,23,0,Summer,2024-07-31
LR00500,EMP1038,HR,ANNUAL,2024-08-27,2024-08-31,5,8,2024,3,Tuesday,REJECTED,22,0,Summer,2024-08-05
LR00501,EMP1038,HR,CASUAL,2024-05-06,2024-05-07,2,5,2024,2,Monday,APPROVED,0,1,Spring,2024-05-06
LR00502,EMP1038,HR,ANNUAL,2024-03-20,2024-03-20,1,3,2024,1,Wednesday,APPROVED,24,0,Spring,2024-02-25
LR00503,EMP1038,HR,SICK,2025-11-19,2025-11-20,2,11,2025,4,Wednesday,APPROVED,10,0,Autumn,2025-11-09
LR00504,EMP1038,HR,CASUAL,2025-07-15,2025-07-16,2,7,2025,3,Tuesday,APPROVED,14,0,Summer,2025-07-01
LR00505,EMP1038,HR,SICK,2025-05-12,2025-05-12,1,5,2025,2,Monday,REJECTED,15,0,Spring,2025-04-27
LR00506,EMP1038,HR,ANNUAL,2025-08-16,2025-08-20,5,8,2025,3,Saturday,APPROVED,26,0,Summer,2025-07-21
LR00507,EMP1038,HR,SICK,2025-09-04,2025-09-06,3,9,2025,3,Thursday,APPROVED,20,0,Autumn,2025-08-15
LR00508,EMP1038,HR,ANNUAL,2025-01-25,2025-01-26,2,1,2025,1,Saturday,APPROVED,25,0,Winter,2024-12-31
LR00509,EMP1038,HR,CASUAL,2025-07-27,2025-07-27,1,7,2025,3,Sunday,APPROVED,14,0,Summer,2025-07-13
LR00510,EMP1038,HR,UNPAID,2025-09-24,2025-09-26,3,9,2025,3,Wednesday,APPROVED,6,0,Autumn,2025-09-18
LR00511,EMP1039,Sales,SICK,2024-05-10,2024-05-10,1,5,2024,2,Friday,APPROVED,9,0,Spring,2024-05-01
LR00512,EMP1039,Sales,SICK,2024-05-24,2024-05-24,1,5,2024,2,Friday,APPROVED,25,0,Spring,2024-04-29
LR00513,EMP1039,Sales,CASUAL,2024-12-02,2024-12-02,1,12,2024,4,Monday,APPROVED,0,1,Winter,2024-12-02
LR00514,EMP1039,Sales,ANNUAL,2024-12-08,2024-12-09,2,12,2024,4,Sunday,REJECTED,4,0,Winter,2024-12-04
LR00515,EMP1039,Sales,ANNUAL,2024-10-15,2024-10-17,3,10,2024,4,Tuesday,APPROVED,16,0,Autumn,2024-09-29
LR00516,EMP1039,Sales,ANNUAL,2024-09-10,2024-09-10,1,9,2024,3,Tuesday,APPROVED,12,0,Autumn,2024-08-29
LR00517,EMP1039,Sales,ANNUAL,2024-07-21,2024-07-21,1,7,2024,3,Sunday,APPROVED,7,0,Summer,2024-07-14
LR00518,EMP1039,Sales,ANNUAL,2025-05-22,2025-05-23,2,5,2025,2,Thursday,REJECTED,13,0,Spring,2025-05-09
LR00519,EMP1039,Sales,ANNUAL,2025-11-10,2025-11-11,2,11,2025,4,Monday,APPROVED,14,0,Autumn,2025-10-27
LR00520,EMP1039,Sales,ANNUAL,2025-12-06,2025-12-08,3,12,2025,4,Saturday,APPROVED,3,0,Winter,2025-12-03
LR00521,EMP1039,Sales,CASUAL,2025-11-04,2025-11-04,1,11,2025,4,Tuesday,APPROVED,9,0,Autumn,2025-10-26
LR00522,EMP1039,Sales,ANNUAL,2025-08-03,2025-08-03,1,8,2025,3,Sunday,PENDING,27,0,Summer,2025-07-07
LR00523,EMP1039,Sales,ANNUAL,2025-12-09,2025-12-10,2,12,2025,4,Tuesday,APPROVED,12,0,Winter,2025-11-27
LR00524,EMP1039,Sales,CASUAL,2025-09-11,2025-09-11,1,9,2025,3,Thursday,APPROVED,3,0,Autumn,2025-09-08
LR00525,EMP1040,Sales,ANNUAL,2024-02-05,2024-02-07,3,2,2024,1,Monday,APPROVED,18,0,Winter,2024-01-18
LR00526,EMP1040,Sales,ANNUAL,2024-05-13,2024-05-13,1,5,2024,2,Monday,APPROVED,7,0,Spring,2024-05-06
LR00527,EMP1040,Sales,ANNUAL,2024-11-13,2024-11-14,2,11,2024,4,Wednesday,REJECTED,15,0,Autumn,2024-10-29
LR00528,EMP1040,Sales,ANNUAL,2024-09-18,2024-09-19,2,9,2024,3,Wednesday,PENDING,1,0,Autumn,2024-09-17
LR00529,EMP1040,Sales,CASUAL,2024-07-08,2024-07-09,2,7,2024,3,Monday,APPROVED,19,0,Summer,2024-06-19
LR00530,EMP1040,Sales,ANNUAL,2024-07-01,2024-07-05,5,7,2024,3,Monday,REJECTED,0,1,Summer,2024-07-01
LR00531,EMP1040,Sales,CASUAL,2025-03-13,2025-03-13,1,3,2025,1,Thursday,APPROVED,28,0,Spring,2025-02-13
LR00532,EMP1040,Sales,CASUAL,2025-01-01,2025-01-02,2,1,2025,1,Wednesday,REJECTED,7,0,Winter,2024-12-25
LR00533,EMP1040,Sales,ANNUAL,2025-03-12,2025-03-14,3,3,2025,1,Wednesday,APPROVED,24,0,Spring,2025-02-16
LR00534,EMP1040,Sales,UNPAID,2025-11-02,2025-11-02,1,11,2025,4,Sunday,APPROVED,0,1,Autumn,2025-11-02
LR00535,EMP1040,Sales,ANNUAL,2025-03-19,2025-03-19,1,3,2025,1,Wednesday,APPROVED,0,1,Spring,2025-03-19
LR00536,EMP1040,Sales,SICK,2025-02-10,2025-02-12,3,2,2025,1,Monday,APPROVED,25,0,Winter,2025-01-16
LR00537,EMP1041,Sales,ANNUAL,2024-06-02,2024-06-04,3,6,2024,2,Sunday,APPROVED,22,0,Summer,2024-05-11
LR00538,EMP1041,Sales,ANNUAL,2024-09-25,2024-09-25,1,9,2024,3,Wednesday,APPROVED,26,0,Autumn,2024-08-30
LR00539,EMP1041,Sales,ANNUAL,2024-12-24,2024-12-27,4,12,2024,4,Tuesday,APPROVED,7,0,Winter,2024-12-17
LR00540,EMP1041,Sales,SICK,2024-04-12,2024-04-14,3,4,2024,2,Friday,PENDING,12,0,Spring,2024-03-31
LR00541,EMP1041,Sales,ANNUAL,2024-12-06,2024-12-08,3,12,2024,4,Friday,APPROVED,11,0,Winter,2024-11-25
LR00542,EMP1041,Sales,CASUAL,2024-10-08,2024-10-09,2,10,2024,4,Tuesday,APPROVED,2,0,Autumn,2024-10-06
LR00543,EMP1041,Sales,SICK,2024-12-12,2024-12-12,1,12,2024,4,Thursday,APPROVED,25,0,Winter,2024-11-17
LR00544,EMP1041,Sales,SICK,2024-02-27,2024-02-28,2,2,2024,1,Tuesday,APPROVED,5,0,Winter,2024-02-22
LR00545,EMP1041,Sales,ANNUAL,2024-07-14,2024-07-16,3,7,2024,3,Sunday,REJECTED,20,0,Summer,2024-06-24
LR00546,EMP1041,Sales,UNPAID,2024-02-10,2024-02-12,3,2,2024,1,Saturday,APPROVED,25,0,Winter,2024-01-16
LR00547,EMP1041,Sales,PATERNITY,2024-08-21,2024-08-25,5,8,2024,3,Wednesday,REJECTED,0,1,Summer,2024-08-21
LR00548,EMP1041,Sales,SICK,2025-06-29,2025-07-01,3,6,2025,2,Sunday,REJECTED,0,1,Summer,2025-06-29
LR00549,EMP1041,Sales,ANNUAL,2025-10-23,2025-10-23,1,10,2025,4,Thursday,APPROVED,26,0,Autumn,2025-09-27
LR00550,EMP1041,Sales,ANNUAL,2025-02-13,2025-02-14,2,2,2025,1,Thursday,APPROVED,3,0,Winter,2025-02-10
LR00551,EMP1041,Sales,ANNUAL,2025-06-25,2025-06-28,4,6,2025,2,Wednesday,APPROVED,22,0,Summer,2025-06-03
LR00552,EMP1041,Sales,CASUAL,2025-12-12,2025-12-12,1,12,2025,4,Friday,APPROVED,7,0,Winter,2025-12-05
LR00553,EMP1041,Sales,SICK,2025-08-02,2025-08-04,3,8,2025,3,Saturday,APPROVED,27,0,Summer,2025-07-06
LR00554,EMP1041,Sales,ANNUAL,2025-09-05,2025-09-08,4,9,2025,3,Friday,PENDING,11,0,Autumn,2025-08-25
LR00555,EMP1041,Sales,CASUAL,2025-06-12,2025-06-12,1,6,2025,2,Thursday,REJECTED,25,0,Summer,2025-05-18
LR00556,EMP1041,Sales,UNPAID,2025-10-24,2025-10-24,1,10,2025,4,Friday,CANCELLED,6,0,Autumn,2025-10-18
LR00557,EMP1041,Sales,UNPAID,2025-07-29,2025-07-31,3,7,2025,3,Tuesday,REJECTED,15,0,Summer,2025-07-14
LR00558,EMP1041,Sales,ANNUAL,2025-03-03,2025-03-04,2,3,2025,1,Monday,APPROVED,30,0,Spring,2025-02-01
LR00559,EMP1042,Sales,ANNUAL,2024-11-07,2024-11-11,5,11,2024,4,Thursday,APPROVED,6,0,Autumn,2024-11-01
LR00560,EMP1042,Sales,ANNUAL,2024-05-14,2024-05-15,2,5,2024,2,Tuesday,APPROVED,18,0,Spring,2024-04-26
LR00561,EMP1042,Sales,CASUAL,2024-05-13,2024-05-14,2,5,2024,2,Monday,APPROVED,30,0,Spring,2024-04-13
LR00562,EMP1042,Sales,MATERNITY,2024-11-22,2025-01-05,45,11,2024,4,Friday,APPROVED,6,0,Autumn,2024-11-16
LR00563,EMP1042,Sales,CASUAL,2025-08-09,2025-08-10,2,8,2025,3,Saturday,APPROVED,1,0,Summer,2025-08-08
LR00564,EMP1042,Sales,ANNUAL,2025-08-15,2025-08-15,1,8,2025,3,Friday,REJECTED,15,0,Summer,2025-07-31
LR00565,EMP1042,Sales,CASUAL,2025-12-20,2025-12-20,1,12,2025,4,Saturday,APPROVED,24,0,Winter,2025-11-26
LR00566,EMP1042,Sales,MATERNITY,2025-11-20,2025-12-27,38,11,2025,4,Thursday,APPROVED,8,0,Autumn,2025-11-12
LR00567,EMP1043,Sales,ANNUAL,2024-12-16,2024-12-17,2,12,2024,4,Monday,APPROVED,28,0,Winter,2024-11-18
LR00568,EMP1043,Sales,SICK,2024-05-09,2024-05-09,1,5,2024,2,Thursday,APPROVED,7,0,Spring,2024-05-02
LR00569,EMP1043,Sales,ANNUAL,2024-06-04,2024-06-06,3,6,2024,2,Tuesday,APPROVED,28,0,Summer,2024-05-07
LR00570,EMP1043,Sales,CASUAL,2024-07-27,2024-07-28,2,7,2024,3,Saturday,APPROVED,29,0,Summer,2024-06-28
LR00571,EMP1043,Sales,CASUAL,2024-07-24,2024-07-25,2,7,2024,3,Wednesday,APPROVED,19,0,Summer,2024-07-05
LR00572,EMP1043,Sales,SICK,2024-04-21,2024-04-22,2,4,2024,2,Sunday,APPROVED,21,0,Spring,2024-03-31
LR00573,EMP1043,Sales,CASUAL,2025-09-15,2025-09-16,2,9,2025,3,Monday,APPROVED,3,0,Autumn,2025-09-12
LR00574,EMP1043,Sales,CASUAL,2025-08-28,2025-08-28,1,8,2025,3,Thursday,APPROVED,16,0,Summer,2025-08-12
LR00575,EMP1043,Sales,UNPAID,2025-09-06,2025-09-06,1,9,2025,3,Saturday,APPROVED,22,0,Autumn,2025-08-15
LR00576,EMP1043,Sales,SICK,2025-08-27,2025-08-29,3,8,2025,3,Wednesday,APPROVED,19,0,Summer,2025-08-08
LR00577,EMP1043,Sales,ANNUAL,2025-03-15,2025-03-16,2,3,2025,1,Saturday,APPROVED,0,1,Spring,2025-03-15
LR00578,EMP1043,Sales,SICK,2025-12-30,2025-12-30,1,12,2025,4,Tuesday,APPROVED,25,0,Winter,2025-12-05
LR00579,EMP1044,Sales,ANNUAL,2024-12-06,2024-12-08,3,12,2024,4,Friday,CANCELLED,20,0,Winter,2024-11-16
LR00580,EMP1044,Sales,ANNUAL,2024-12-22,2024-12-23,2,12,2024,4,Sunday,REJECTED,23,0,Winter,2024-11-29
LR00581,EMP1044,Sales,CASUAL,2024-12-20,2024-12-21,2,12,2024,4,Friday,APPROVED,6,0,Winter,2024-12-14
LR00582,EMP1044,Sales,ANNUAL,2024-05-28,2024-05-29,2,5,2024,2,Tuesday,APPROVED,17,0,Spring,2024-05-11
LR00583,EMP1044,Sales,CASUAL,2024-02-23,2024-02-24,2,2,2024,1,Friday,APPROVED,26,0,Winter,2024-01-28
LR00584,EMP1044,Sales,PATERNITY,2025-03-03,2025-03-06,4,3,2025,1,Monday,APPROVED,28,0,Spring,2025-02-03
LR00585,EMP1044,Sales,UNPAID,2025-10-29,2025-10-30,2,10,2025,4,Wednesday,APPROVED,4,0,Autumn,2025-10-25
LR00586,EMP1044,Sales,CASUAL,2025-04-10,2025-04-11,2,4,2025,2,Thursday,APPROVED,20,0,Spring,2025-03-21
LR00587,EMP1044,Sales,ANNUAL,2025-05-03,2025-05-05,3,5,2025,2,Saturday,APPROVED,15,0,Spring,2025-04-18
LR00588,EMP1044,Sales,CASUAL,2025-05-13,2025-05-13,1,5,2025,2,Tuesday,APPROVED,11,0,Spring,2025-05-02
LR00589,EMP1045,Sales,ANNUAL,2024-09-15,2024-09-16,2,9,2024,3,Sunday,APPROVED,8,0,Autumn,2024-09-07
LR00590,EMP1045,Sales,CASUAL,2024-11-23,2024-11-23,1,11,2024,4,Saturday,APPROVED,29,0,Autumn,2024-10-25
LR00591,EMP1045,Sales,CASUAL,2024-09-07,2024-09-08,2,9,2024,3,Saturday,APPROVED,26,0,Autumn,2024-08-12
LR00592,EMP1045,Sales,ANNUAL,2024-04-29,2024-05-02,4,4,2024,2,Monday,REJECTED,26,0,Spring,2024-04-03
LR00593,EMP1045,Sales,ANNUAL,2024-12-28,2024-12-29,2,12,2024,4,Saturday,APPROVED,8,0,Winter,2024-12-20
LR00594,EMP1045,Sales,UNPAID,2024-08-10,2024-08-11,2,8,2024,3,Saturday,APPROVED,5,0,Summer,2024-08-05
LR00595,EMP1045,Sales,ANNUAL,2024-04-06,2024-04-06,1,4,2024,2,Saturday,APPROVED,9,0,Spring,2024-03-28
LR00596,EMP1045,Sales,CASUAL,2024-06-15,2024-06-15,1,6,2024,2,Saturday,APPROVED,28,0,Summer,2024-05-18
LR00597,EMP1045,Sales,SICK,2025-12-05,2025-12-05,1,12,2025,4,Friday,REJECTED,17,0,Winter,2025-11-18
LR00598,EMP1045,Sales,ANNUAL,2025-06-27,2025-06-27,1,6,2025,2,Friday,PENDING,17,0,Summer,2025-06-10
LR00599,EMP1045,Sales,ANNUAL,2025-03-12,2025-03-13,2,3,2025,1,Wednesday,REJECTED,22,0,Spring,2025-02-18
LR00600,EMP1045,Sales,ANNUAL,2025-11-23,2025-11-27,5,11,2025,4,Sunday,APPROVED,3,0,Autumn,2025-11-20
LR00601,EMP1045,Sales,SICK,2025-10-20,2025-10-22,3,10,2025,4,Monday,APPROVED,14,0,Autumn,2025-10-06
LR00602,EMP1045,Sales,ANNUAL,2025-03-10,2025-03-12,3,3,2025,1,Monday,APPROVED,15,0,Spring,2025-02-23
LR00603,EMP1045,Sales,ANNUAL,2025-11-11,2025-11-15,5,11,2025,4,Tuesday,APPROVED,11,0,Autumn,2025-10-31
LR00604,EMP1045,Sales,UNPAID,2025-06-20,2025-06-20,1,6,2025,2,Friday,REJECTED,30,0,Summer,2025-05-21
LR00605,EMP1046,Sales,SICK,2024-08-28,2024-08-30,3,8,2024,3,Wednesday,APPROVED,15,0,Summer,2024-08-13
LR00606,EMP1046,Sales,CASUAL,2024-11-14,2024-11-14,1,11,2024,4,Thursday,APPROVED,0,1,Autumn,2024-11-14
LR00607,EMP1046,Sales,ANNUAL,2024-02-27,2024-02-27,1,2,2024,1,Tuesday,APPROVED,10,0,Winter,2024-02-17
LR00608,EMP1046,Sales,MATERNITY,2024-05-24,2024-08-15,84,5,2024,2,Friday,APPROVED,21,0,Spring,2024-05-03
LR00609,EMP1046,Sales,ANNUAL,2025-08-05,2025-08-08,4,8,2025,3,Tuesday,REJECTED,10,0,Summer,2025-07-26
LR00610,EMP1046,Sales,SICK,2025-12-19,2025-12-19,1,12,2025,4,Friday,APPROVED,6,0,Winter,2025-12-13
LR00611,EMP1046,Sales,UNPAID,2025-07-01,2025-07-01,1,7,2025,3,Tuesday,APPROVED,2,0,Summer,2025-06-29
LR00612,EMP1046,Sales,ANNUAL,2025-06-21,2025-06-22,2,6,2025,2,Saturday,APPROVED,18,0,Summer,2025-06-03
LR00613,EMP1047,Sales,SICK,2024-07-10,2024-07-12,3,7,2024,3,Wednesday,APPROVED,12,0,Summer,2024-06-28
LR00614,EMP1047,Sales,CASUAL,2024-09-12,2024-09-12,1,9,2024,3,Thursday,APPROVED,19,0,Autumn,2024-08-24
LR00615,EMP1047,Sales,SICK,2024-04-08,2024-04-08,1,4,2024,2,Monday,REJECTED,16,0,Spring,2024-03-23
LR00616,EMP1047,Sales,ANNUAL,2024-08-13,2024-08-17,5,8,2024,3,Tuesday,APPROVED,2,0,Summer,2024-08-11
LR00617,EMP1047,Sales,ANNUAL,2025-08-04,2025-08-07,4,8,2025,3,Monday,APPROVED,1,0,Summer,2025-08-03
LR00618,EMP1047,Sales,UNPAID,2025-09-20,2025-09-20,1,9,2025,3,Saturday,APPROVED,8,0,Autumn,2025-09-12
LR00619,EMP1047,Sales,CASUAL,2025-03-26,2025-03-27,2,3,2025,1,Wednesday,APPROVED,18,0,Spring,2025-03-08
LR00620,EMP1047,Sales,SICK,2025-01-16,2025-01-17,2,1,2025,1,Thursday,REJECTED,30,0,Winter,2024-12-17
LR00621,EMP1048,Sales,CASUAL,2024-03-14,2024-03-15,2,3,2024,1,Thursday,APPROVED,9,0,Spring,2024-03-05
LR00622,EMP1048,Sales,ANNUAL,2024-07-03,2024-07-07,5,7,2024,3,Wednesday,REJECTED,2,0,Summer,2024-07-01
LR00623,EMP1048,Sales,MATERNITY,2024-02-10,2024-05-04,85,2,2024,1,Saturday,REJECTED,7,0,Winter,2024-02-03
LR00624,EMP1048,Sales,SICK,2024-12-18,2024-12-18,1,12,2024,4,Wednesday,CANCELLED,4,0,Winter,2024-12-14
LR00625,EMP1048,Sales,ANNUAL,2024-06-18,2024-06-21,4,6,2024,2,Tuesday,APPROVED,14,0,Summer,2024-06-04
LR00626,EMP1048,Sales,ANNUAL,2024-01-24,2024-01-26,3,1,2024,1,Wednesday,APPROVED,1,0,Winter,2024-01-23
LR00627,EMP1048,Sales,CASUAL,2024-06-18,2024-06-18,1,6,2024,2,Tuesday,REJECTED,29,0,Summer,2024-05-20
LR00628,EMP1048,Sales,SICK,2025-12-24,2025-12-26,3,12,2025,4,Wednesday,REJECTED,0,1,Winter,2025-12-24
LR00629,EMP1048,Sales,ANNUAL,2025-06-01,2025-06-02,2,6,2025,2,Sunday,APPROVED,19,0,Summer,2025-05-13
LR00630,EMP1048,Sales,ANNUAL,2025-08-27,2025-08-27,1,8,2025,3,Wednesday,REJECTED,8,0,Summer,2025-08-19
LR00631,EMP1048,Sales,ANNUAL,2025-07-24,2025-07-24,1,7,2025,3,Thursday,APPROVED,21,0,Summer,2025-07-03
LR00632,EMP1048,Sales,ANNUAL,2025-07-10,2025-07-12,3,7,2025,3,Thursday,APPROVED,4,0,Summer,2025-07-06
LR00633,EMP1048,Sales,ANNUAL,2025-02-09,2025-02-11,3,2,2025,1,Sunday,APPROVED,4,0,Winter,2025-02-05
LR00634,EMP1048,Sales,ANNUAL,2025-02-07,2025-02-11,5,2,2025,1,Friday,APPROVED,2,0,Winter,2025-02-05
LR00635,EMP1049,Sales,ANNUAL,2024-07-10,2024-07-12,3,7,2024,3,Wednesday,REJECTED,30,0,Summer,2024-06-10
LR00636,EMP1049,Sales,SICK,2024-07-17,2024-07-17,1,7,2024,3,Wednesday,APPROVED,28,0,Summer,2024-06-19
LR00637,EMP1049,Sales,CASUAL,2024-03-10,2024-03-10,1,3,2024,1,Sunday,APPROVED,1,0,Spring,2024-03-09
LR00638,EMP1049,Sales,SICK,2024-05-02,2024-05-04,3,5,2024,2,Thursday,APPROVED,22,0,Spring,2024-04-10
LR00639,EMP1049,Sales,CASUAL,2024-10-03,2024-10-04,2,10,2024,4,Thursday,REJECTED,27,0,Autumn,2024-09-06
LR00640,EMP1049,Sales,ANNUAL,2024-05-22,2024-05-23,2,5,2024,2,Wednesday,APPROVED,23,0,Spring,2024-04-29
LR00641,EMP1049,Sales,ANNUAL,2024-10-19,2024-10-19,1,10,2024,4,Saturday,APPROVED,10,0,Autumn,2024-10-09
LR00642,EMP1049,Sales,ANNUAL,2025-03-12,2025-03-12,1,3,2025,1,Wednesday,REJECTED,27,0,Spring,2025-02-13
LR00643,EMP1049,Sales,ANNUAL,2025-08-17,2025-08-21,5,8,2025,3,Sunday,APPROVED,13,0,Summer,2025-08-04
LR00644,EMP1049,Sales,CASUAL,2025-03-25,2025-03-26,2,3,2025,1,Tuesday,APPROVED,10,0,Spring,2025-03-15
LR00645,EMP1049,Sales,ANNUAL,2025-06-15,2025-06-15,1,6,2025,2,Sunday,APPROVED,20,0,Summer,2025-05-26
LR00646,EMP1049,Sales,CASUAL,2025-05-23,2025-05-24,2,5,2025,2,Friday,APPROVED,21,0,Spring,2025-05-02
LR00647,EMP1049,Sales,CASUAL,2025-12-07,2025-12-08,2,12,2025,4,Sunday,APPROVED,25,0,Winter,2025-11-12
LR00648,EMP1049,Sales,ANNUAL,2025-05-26,2025-05-28,3,5,2025,2,Monday,APPROVED,23,0,Spring,2025-05-03
LR00649,EMP1050,Sales,CASUAL,2024-12-22,2024-12-23,2,12,2024,4,Sunday,APPROVED,17,0,Winter,2024-12-05
LR00650,EMP1050,Sales,ANNUAL,2024-10-07,2024-10-07,1,10,2024,4,Monday,APPROVED,25,0,Autumn,2024-09-12
LR00651,EMP1050,Sales,CASUAL,2024-06-21,2024-06-22,2,6,2024,2,Friday,REJECTED,21,0,Summer,2024-05-31
LR00652,EMP1050,Sales,SICK,2024-10-05,2024-10-05,1,10,2024,4,Saturday,APPROVED,18,0,Autumn,2024-09-17
LR00653,EMP1050,Sales,ANNUAL,2024-08-27,2024-08-30,4,8,2024,3,Tuesday,APPROVED,27,0,Summer,2024-07-31
LR00654,EMP1050,Sales,CASUAL,2025-11-21,2025-11-22,2,11,2025,4,Friday,APPROVED,27,0,Autumn,2025-10-25
LR00655,EMP1050,Sales,CASUAL,2025-07-17,2025-07-17,1,7,2025,3,Thursday,APPROVED,7,0,Summer,2025-07-10
LR00656,EMP1050,Sales,MATERNITY,2025-09-11,2025-11-28,79,9,2025,3,Thursday,APPROVED,5,0,Autumn,2025-09-06
LR00657,EMP1050,Sales,UNPAID,2025-04-21,2025-04-22,2,4,2025,2,Monday,APPROVED,9,0,Spring,2025-04-12
LR00658,EMP1050,Sales,MATERNITY,2025-05-06,2025-07-11,67,5,2025,2,Tuesday,REJECTED,9,0,Spring,2025-04-27
